"","educ","income"
"1",10,36721.03
"2",11,50412.1
"3",17,19294.25
"4",12,21613.57
"5",12,80202.65
"6",17,41368.75
"7",13,67122.53
"8",7,75267.8
"9",6,132372.38
"10",16,36636.54
"11",13,53225.39
"12",13,215241.34
"13",12,63049.1
"14",10,112320.68
"15",18,84767.81
"16",13,33472.77
"17",5,65766.27
"18",9,23311.04
"19",8,118242.98
"20",10,56179.01
"21",8,36587.55
"22",9,39782.68
"23",11,127004.71
"24",7,58829.27
"25",8,145879.75
"26",10,33846.59
"27",7,83275.27
"28",15,29049.85
"29",15,43154.32
"30",14,98767.08
"31",14,70391.62
"32",13,61318.7
"33",11,101144.46
"34",10,115888.64
"35",10,58887.69
"36",9,52171.9
"37",14,44105.04
"38",11,52529.03
"39",16,41404.82
"40",8,24883.85
"41",10,42221.27
"42",10,35568.98
"43",14,48908.27
"44",11,35414.1
"45",12,29999.6
"46",11,40622.35
"47",11,60744.83
"48",16,40702.24
"49",11,24530.26
"50",17,72425.12
"51",6,30715.22
"52",8,16038.98
"53",12,46824.26
"54",13,44380.33
"55",10,49824.28
"56",10,10578.05
"57",8,33745.56
"58",13,12245.85
"59",16,31006.49
"60",14,63403.54
"61",13,89579.79
"62",14,56877.12
"63",11,33502.12
"64",11,59518.1
"65",8,55118.84
"66",9,57908.61
"67",14,25753.71
"68",11,33444.16
"69",9,44303.86
"70",12,61497.4
"71",11,77478.19
"72",12,15568.77
"73",13,60505.38
"74",10,40357.55
"75",14,37353.41
"76",11,38899.59
"77",13,48668.67
"78",15,46266.84
"79",13,50865.15
"80",10,104170.61
"81",15,46762.52
"82",15,54836.2
"83",13,35590.24
"84",12,84063.58
"85",9,34317.43
"86",16,49317.57
"87",10,35476.87
"88",13,77575.94
"89",11,56995.01
"90",13,152252.68
"91",12,36669.9
"92",18,88077.8
"93",12,36696.49
"94",16,32872.77
"95",10,35544.77
"96",8,32339.2
"97",9,37968.46
"98",13,61385.28
"99",11,30008.6
"100",16,65660.31
"101",18,33419.91
"102",13,88433.99
"103",11,42858.94
"104",12,44752.78
"105",16,116388.54
"106",11,87577.07
"107",6,75244.01
"108",9,26211.08
"109",14,97808.11
"110",13,73002.67
"111",13,26899.01
"112",14,26888.71
"113",18,105054.11
"114",14,99536.9
"115",9,60365.86
"116",12,59985.06
"117",8,111706.1
"118",15,23386.97
"119",16,50098.93
"120",17,46214.09
"121",12,62543.44
"122",10,39941.86
"123",12,65629.59
"124",20,49599.85
"125",18,40326.63
"126",6,120026.8
"127",8,22030.79
"128",13,49385.64
"129",7,31068.27
"130",14,38508.53
"131",19,88698.65
"132",7,108042.34
"133",3,27078.67
"134",13,66604.53
"135",8,16940.58
"136",11,12333.3
"137",11,30896.49
"138",6,54502.7
"139",15,28516.42
"140",10,45267.4
"141",15,20343.26
"142",8,104653.17
"143",20,19856.71
"144",13,35046.31
"145",14,40020.55
"146",10,30906.89
"147",13,39988.03
"148",13,36716.15
"149",11,43123.6
"150",12,21903.99
"151",11,65598.35
"152",19,24544.66
"153",9,37350.11
"154",18,83280.07
"155",8,41062.78
"156",13,48002.67
"157",10,45098.32
"158",8,45624.81
"159",10,102062.64
"160",14,131708.56
"161",13,29130.13
"162",15,59427.61
"163",12,37483.34
"164",14,39531.89
"165",10,40754.92
"166",12,26563.03
"167",10,49417.56
"168",12,63897.57
"169",8,64807.54
"170",9,31867.22
"171",14,72421.65
"172",7,22535.71
"173",7,23751.4
"174",19,81467.44
"175",16,70877.09
"176",11,34512.65
"177",13,39437.36
"178",10,46399.28
"179",10,27620.99
"180",9,37446.06
"181",8,39479.64
"182",11,31815.29
"183",12,37940.12
"184",12,31160.77
"185",16,40179.58
"186",10,34773.04
"187",8,80847.16
"188",12,117957.73
"189",20,35113.76
"190",12,111641.92
"191",11,45889.25
"192",8,22487.67
"193",14,36174.79
"194",15,67180.61
"195",14,41839.77
"196",10,77907.77
"197",12,46122.24
"198",9,18345.17
"199",16,21541.06
"200",14,127056.36
"201",8,83513.85
"202",11,57209.69
"203",12,32610.44
"204",9,67743.54
"205",15,22186.89
"206",15,83371
"207",14,60743.07
"208",11,37252.15
"209",20,40993.99
"210",17,31353.32
"211",8,62400.8
"212",15,31845.09
"213",6,25309.72
"214",7,68270.4
"215",6,48116.27
"216",10,59302.82
"217",10,24948.44
"218",10,62224.23
"219",12,71137.58
"220",17,55587.96
"221",11,27077.84
"222",15,88448.67
"223",14,41191.35
"224",11,86989.01
"225",6,110614.35
"226",10,55969.24
"227",5,52618.69
"228",16,108076.46
"229",19,33022.7
"230",17,74229.19
"231",11,60384.36
"232",20,43099.76
"233",9,22141.63
"234",15,83693.78
"235",14,72904.75
"236",7,45750.03
"237",10,61958.27
"238",9,30928.88
"239",12,57971.02
"240",13,41189.17
"241",12,50218.81
"242",6,48963.89
"243",9,32443.66
"244",11,59572.77
"245",12,39758.54
"246",12,76737.2
"247",12,134379.47
"248",17,45039.13
"249",11,42541.9
"250",12,42897.3
"251",16,71329.81
"252",15,43849.6
"253",15,57952.03
"254",9,30193.33
"255",12,64496.87
"256",18,47472.76
"257",16,30869.61
"258",9,35811.05
"259",10,65202.16
"260",14,28103.62
"261",15,29138.94
"262",10,65478.43
"263",7,40201.69
"264",12,19711.09
"265",16,78559.47
"266",19,40401.72
"267",16,30283.23
"268",14,108161.23
"269",6,18433
"270",15,30826.47
"271",10,68947.71
"272",15,16120.08
"273",14,82609.62
"274",9,46878.35
"275",15,42355.37
"276",12,48523.08
"277",16,25956.34
"278",7,35988.49
"279",7,27769.46
"280",14,47175.04
"281",11,38613.35
"282",14,46885.55
"283",16,47952.92
"284",12,32195.8
"285",15,12952.94
"286",7,73355.59
"287",7,166465.96
"288",13,62933.76
"289",15,50254.34
"290",12,109190.28
"291",9,61463.66
"292",14,27593.82
"293",15,71471.44
"294",17,66991.19
"295",12,26736.84
"296",11,19535.63
"297",5,50302.99
"298",8,35091.84
"299",8,60465.4
"300",10,51685.49
"301",9,119352.51
"302",10,112934.73
"303",12,65985.04
"304",8,35824.57
"305",12,24355.22
"306",14,38319.61
"307",10,27191.79
"308",20,76309.26
"309",14,35985.81
"310",12,57089.67
"311",15,67968.74
"312",14,85698.24
"313",11,82853.23
"314",13,46932.74
"315",8,53835.85
"316",19,39086.71
"317",20,52717.09
"318",14,22163.74
"319",13,24133.71
"320",9,64064.96
"321",6,51534.99
"322",11,55038.58
"323",5,28010.53
"324",9,57692.11
"325",12,164129.51
"326",8,96347.1
"327",13,38313.7
"328",15,31333.14
"329",15,105345.97
"330",9,56025.31
"331",13,38009.12
"332",9,21659.09
"333",13,39585.46
"334",11,29322.46
"335",4,22429.78
"336",17,69380.07
"337",9,72584.56
"338",11,64927.39
"339",9,56235.91
"340",11,32138.42
"341",7,61186.25
"342",18,73495.48
"343",11,55196.64
"344",13,144894.37
"345",13,35428.82
"346",16,69241.91
"347",8,20922.33
"348",12,192143.7
"349",13,33343.68
"350",12,26441.19
"351",14,31287.74
"352",11,56555.42
"353",10,29866.68
"354",19,38306.91
"355",12,56385.63
"356",13,44263.07
"357",7,51487.87
"358",12,31432.18
"359",12,38344.98
"360",16,39187.06
"361",9,113283.97
"362",14,42067.31
"363",13,36160.96
"364",11,70464.67
"365",7,76035.3
"366",11,50869.57
"367",13,80768.73
"368",13,34996.26
"369",8,98401.81
"370",12,33224.06
"371",8,73436.94
"372",15,35064.88
"373",4,96337.61
"374",13,49499.85
"375",16,29604.92
"376",8,40131.05
"377",11,57436.52
"378",9,50653.31
"379",14,21632.21
"380",12,95952.45
"381",14,47573.17
"382",10,20933.68
"383",14,68788.64
"384",12,39365.77
"385",12,70035.06
"386",12,69131.81
"387",16,21264.04
"388",18,67455.26
"389",10,38215.56
"390",15,40977.43
"391",10,50339.14
"392",13,56342.3
"393",10,47245.8
"394",8,72250.37
"395",9,25166.68
"396",17,38011.76
"397",12,57078.32
"398",15,51231.24
"399",18,102838.89
"400",11,50712.12
"401",7,90165.64
"402",10,21699.46
"403",10,48676.59
"404",13,51856.62
"405",12,29500.97
"406",13,110105.2
"407",16,36752.01
"408",12,64623.51
"409",14,82781.61
"410",14,128007.68
"411",15,64166.79
"412",10,40516.43
"413",17,14225.99
"414",10,51854.79
"415",11,41486.42
"416",16,76745.28
"417",16,106380.42
"418",8,22215.4
"419",11,53631.49
"420",9,30718.92
"421",12,86719.43
"422",13,50136.71
"423",13,63842.65
"424",9,42227.4
"425",15,102393.3
"426",11,24951.92
"427",10,87107.47
"428",11,142197.29
"429",10,73520.07
"430",12,45683.22
"431",14,41361.26
"432",13,46073.23
"433",9,52029.68
"434",12,60387.89
"435",15,110216.67
"436",12,61349.09
"437",9,57985.6
"438",12,62200.28
"439",8,93189.73
"440",8,88411.21
"441",11,37634.27
"442",14,52986.26
"443",12,43497.95
"444",19,33989.39
"445",16,39830.93
"446",12,51592.35
"447",13,20742.99
"448",10,52910.14
"449",14,20898.82
"450",10,49857.42
"451",7,34897.27
"452",8,36596.03
"453",14,34093.34
"454",16,32533.99
"455",13,80626.46
"456",9,39651.96
"457",10,51302.98
"458",8,82055.59
"459",14,54369.66
"460",7,52459.51
"461",11,29473.42
"462",7,73324.66
"463",14,99361.2
"464",20,64333.91
"465",10,40883.15
"466",14,71206.73
"467",9,14001.92
"468",12,36147.37
"469",17,52012.79
"470",13,140768.7
"471",15,28054.54
"472",11,34714.67
"473",9,38794.07
"474",9,38990.82
"475",8,55925.13
"476",8,61428.04
"477",12,38605.48
"478",12,52532.86
"479",15,52937.96
"480",12,30624.82
"481",14,24385.38
"482",10,55933.96
"483",9,47363.22
"484",20,46950
"485",13,111468.79
"486",8,83323.74
"487",14,63850.75
"488",12,24781.86
"489",6,31020.27
"490",9,103577.99
"491",11,93972.91
"492",7,23514.34
"493",10,75625.26
"494",18,33384.16
"495",11,107252.11
"496",16,46376.81
"497",12,64811.63
"498",11,98242.49
"499",13,88618.56
"500",9,47948.89
"501",14,90017.28
"502",11,36395.51
"503",13,58418.95
"504",7,38116.61
"505",14,61186.26
"506",9,25876.49
"507",18,67437.46
"508",15,92854.14
"509",11,94736.32
"510",11,46755.93
"511",6,162707.83
"512",12,37687.41
"513",20,59356.99
"514",12,25803.2
"515",15,59969.67
"516",14,56694.14
"517",17,23945.49
"518",12,50979.31
"519",16,58654.11
"520",18,63959.33
"521",10,55174.54
"522",9,34732.4
"523",13,25188.1
"524",10,104690.62
"525",10,42649.91
"526",11,92929.73
"527",9,18459.76
"528",8,137347.16
"529",12,29165.8
"530",20,43526.01
"531",6,74647.68
"532",16,56750.46
"533",12,34877.13
"534",12,15376.12
"535",13,51025.57
"536",11,32138.1
"537",15,11349.39
"538",14,40751.89
"539",9,61316.63
"540",10,36351.11
"541",15,49298.76
"542",9,60878.56
"543",10,20786.84
"544",14,93968.99
"545",12,48141.02
"546",11,201692.57
"547",15,92662.09
"548",12,125423.84
"549",8,43154.67
"550",9,37652.57
"551",9,62334.17
"552",14,55224.53
"553",12,24373.7
"554",14,79353.4
"555",16,67361.33
"556",18,60456.58
"557",11,49220.14
"558",20,35269.73
"559",13,31251.43
"560",8,30909.56
"561",15,15403.27
"562",10,130499.65
"563",10,85024.3
"564",13,31042.49
"565",10,46941.95
"566",12,43065.22
"567",15,43884.11
"568",11,44615.94
"569",8,70519.84
"570",9,46128.05
"571",12,57471.07
"572",8,72418.3
"573",11,63167.38
"574",13,47119.17
"575",10,61255.24
"576",11,15118.83
"577",15,38836.47
"578",9,105189.33
"579",11,58374.05
"580",11,102874.47
"581",13,42476.63
"582",6,30120.4
"583",9,31233.26
"584",9,51256.78
"585",17,25864.15
"586",17,90998.72
"587",16,57268.09
"588",8,42282.81
"589",12,93618.47
"590",14,56402.86
"591",15,43088.3
"592",11,21097.62
"593",11,25032.79
"594",11,38581.3
"595",16,40139.97
"596",15,56345.91
"597",14,26586.32
"598",11,21596.1
"599",13,35082.42
"600",13,101742.52
"601",20,35248.72
"602",9,54782.89
"603",13,47700.44
"604",12,35434.75
"605",9,30067.45
"606",7,35328.42
"607",15,28198.06
"608",5,76817.5
"609",8,49556.62
"610",13,53767.9
"611",14,48150.8
"612",11,44466.96
"613",11,55030.01
"614",15,52083.37
"615",14,40643.47
"616",15,91160.42
"617",20,83302.96
"618",14,42905.65
"619",12,50539.36
"620",4,49185.61
"621",14,63035.37
"622",15,84449.35
"623",9,28832.51
"624",17,42916.95
"625",11,24100.2
"626",13,39419.18
"627",12,57992.65
"628",11,44439.59
"629",11,31066.08
"630",15,49807.28
"631",11,38683.84
"632",20,46933.4
"633",17,41464.42
"634",15,35972.77
"635",16,92036.31
"636",11,17626.35
"637",10,49388.87
"638",17,59805.16
"639",6,40345.92
"640",12,46702.3
"641",9,50848.38
"642",12,52269.4
"643",18,49588.54
"644",11,23993.75
"645",11,123496.93
"646",13,54158.81
"647",11,41981.82
"648",14,30307.67
"649",15,79646.21
"650",12,55049.77
"651",18,63902.02
"652",10,57867.55
"653",14,83199.32
"654",11,63257.96
"655",11,49401.69
"656",20,48636.37
"657",13,73759.32
"658",11,55322.38
"659",14,40217.67
"660",13,70761.42
"661",10,41694.43
"662",12,25107.85
"663",14,151943.08
"664",13,45042.13
"665",9,42173.79
"666",17,127753.19
"667",12,110022.94
"668",11,19537.98
"669",19,44189.18
"670",12,15509.59
"671",11,37474.13
"672",16,45434.75
"673",15,45023.73
"674",8,26114.53
"675",14,40070.16
"676",11,45734.75
"677",16,30980.22
"678",8,43828.59
"679",14,27947.2
"680",15,12409.45
"681",17,46765.02
"682",17,46120.79
"683",15,22756.41
"684",7,64853.3
"685",10,82435.9
"686",19,55860.76
"687",11,59287.11
"688",11,47124.22
"689",10,43285.59
"690",12,62850.82
"691",14,37677.82
"692",13,75406.17
"693",13,42679.98
"694",10,69565.92
"695",12,142589.45
"696",10,50092.96
"697",5,35777.57
"698",14,81164.06
"699",11,38716.7
"700",9,68919.98
"701",15,38243.47
"702",13,50344.32
"703",8,54942.68
"704",11,41317.74
"705",15,119361.99
"706",7,42862.7
"707",13,49933.39
"708",6,70224.32
"709",10,71275.07
"710",12,53448.44
"711",17,46604.1
"712",15,83052.55
"713",12,59544.72
"714",7,82372.88
"715",13,39681.92
"716",9,143298.04
"717",5,113493.72
"718",12,31506.81
"719",15,42820.65
"720",15,34787.6
"721",18,94806.98
"722",20,58356.35
"723",17,54842.62
"724",18,33997.39
"725",14,120896.12
"726",18,89722.49
"727",16,61660.58
"728",11,116819.53
"729",13,54254.87
"730",8,41036.94
"731",20,14150.9
"732",10,31429.73
"733",16,20746.92
"734",13,15485.83
"735",12,13518.75
"736",11,37618.55
"737",9,59525.86
"738",8,32072.97
"739",12,55824.81
"740",6,28625.41
"741",13,94401.23
"742",9,26718.89
"743",15,86448.12
"744",10,44744.61
"745",18,26110.09
"746",12,64149.38
"747",15,101687.41
"748",13,44695.3
"749",6,66712.08
"750",15,49988.83
"751",9,55949.63
"752",13,43046.37
"753",11,39345.07
"754",11,32351.47
"755",19,51392.24
"756",15,31651.09
"757",17,63318.48
"758",5,48169.28
"759",10,16848.62
"760",14,11189.78
"761",11,20297.07
"762",14,27249.57
"763",16,37807.43
"764",16,60462.69
"765",11,26195.09
"766",12,17807.03
"767",20,58091.36
"768",13,55019.52
"769",12,34013.92
"770",7,56036.39
"771",9,42024.16
"772",11,112343.01
"773",10,45550.23
"774",9,28604.8
"775",17,76344.97
"776",8,77581.19
"777",15,77655.52
"778",10,73822.11
"779",13,25042.89
"780",12,59743
"781",20,27345.25
"782",14,49976.76
"783",12,50430.01
"784",15,49748.06
"785",12,34428.1
"786",9,35627.92
"787",12,34705.13
"788",12,91153.35
"789",13,24704.56
"790",6,21144.73
"791",13,69738.01
"792",7,40310.81
"793",15,42415.07
"794",14,109254.25
"795",19,13654.73
"796",12,31211.55
"797",12,48725.97
"798",12,68820.4
"799",12,83646.05
"800",12,99734.75
"801",14,56760.63
"802",14,66317.91
"803",10,66416.37
"804",13,94967.73
"805",15,53833.69
"806",13,64993.85
"807",9,50492.75
"808",9,67002.18
"809",11,81821.62
"810",14,49907.78
"811",8,37387.42
"812",8,29091.67
"813",10,26650.2
"814",6,28500.15
"815",9,49372.73
"816",12,26596.26
"817",13,11926.27
"818",10,113729.46
"819",8,85913.13
"820",8,50181.65
"821",8,58839.49
"822",13,52092.85
"823",11,58107.86
"824",15,45150.36
"825",7,71014.09
"826",14,69875.53
"827",11,137102.35
"828",8,72262.29
"829",11,161661.08
"830",11,76231.37
"831",3,118022.73
"832",9,63269.78
"833",20,52680.31
"834",14,61180.77
"835",10,105598.58
"836",20,65869.02
"837",20,75932.08
"838",7,17737.35
"839",12,43192.15
"840",14,60366.89
"841",12,42935.22
"842",9,58149.3
"843",12,84010.49
"844",18,73467.12
"845",11,51136.07
"846",11,74152.5
"847",16,51674.93
"848",15,102077.26
"849",6,28678.59
"850",7,145697.8
"851",16,23055.42
"852",13,36211.17
"853",14,62931.31
"854",7,137653.42
"855",15,43717.56
"856",17,65971.93
"857",13,37056.66
"858",12,91180.77
"859",18,24701.18
"860",8,65750.79
"861",7,102358.17
"862",11,83238.54
"863",13,80719.98
"864",8,56091.66
"865",5,31187.01
"866",18,99248.33
"867",12,33932
"868",13,77203.28
"869",11,34532.43
"870",13,47114.49
"871",8,35468.44
"872",15,21089.47
"873",9,57060.13
"874",12,84167.36
"875",14,61587.3
"876",13,59537.95
"877",17,35395.98
"878",9,116079.41
"879",5,33589.21
"880",11,92044.09
"881",8,113463.94
"882",8,81885.79
"883",11,22535.81
"884",18,48923.08
"885",13,48911.42
"886",10,96745.92
"887",8,36151.67
"888",11,59094.21
"889",13,49421.67
"890",18,49806.6
"891",8,56032.08
"892",11,53143.48
"893",9,76286.76
"894",8,38723.73
"895",12,133559.37
"896",6,92404.84
"897",11,50256.97
"898",11,30560.15
"899",11,49320.49
"900",6,50926.8
"901",5,63983.9
"902",13,48563.59
"903",11,26568.52
"904",5,113390.32
"905",9,36010.17
"906",8,31182.75
"907",15,18639.26
"908",13,24289.17
"909",11,28013.9
"910",15,46686.86
"911",14,103493.16
"912",8,45719.64
"913",13,58987.11
"914",10,48492.46
"915",13,125751.74
"916",17,53970.57
"917",9,65611.55
"918",11,53705.23
"919",15,29930.31
"920",14,52911.15
"921",11,40177.08
"922",10,98499.12
"923",17,34276.97
"924",19,52710.38
"925",10,70519.28
"926",20,58694.3
"927",11,38425.93
"928",10,41387.17
"929",13,89540.91
"930",6,39540.6
"931",15,63056.82
"932",17,81783.55
"933",6,59481.43
"934",10,22176.45
"935",12,75393.92
"936",12,112599.96
"937",13,60134.4
"938",9,56580.19
"939",11,65599.43
"940",9,27393.81
"941",13,45781.63
"942",11,39355.98
"943",8,126716.13
"944",8,101023.72
"945",16,76607.7
"946",12,39112.84
"947",10,65773.25
"948",12,22299.72
"949",7,81176.14
"950",12,66552.44
"951",12,64129.78
"952",13,46255.54
"953",9,81278.11
"954",9,115645.66
"955",9,21882.29
"956",14,56882.26
"957",7,66759.88
"958",16,28910.33
"959",8,82565.53
"960",8,111484.23
"961",10,105740.29
"962",11,60745.63
"963",15,117946.26
"964",14,61195.97
"965",6,43850.87
"966",9,44638.24
"967",13,72551.88
"968",16,85079.03
"969",9,29533.91
"970",14,62083
"971",16,39354.17
"972",9,57981.66
"973",9,31510.57
"974",20,34067.33
"975",14,51267.28
"976",13,23919.35
"977",18,36324.46
"978",13,9872.63
"979",14,47586.68
"980",9,126404.53
"981",10,30038.72
"982",13,53567.8
"983",11,33428.71
"984",13,63441.6
"985",14,62298.57
"986",13,60780.37
"987",12,55648.28
"988",10,79877.39
"989",12,22860.83
"990",7,43938.9
"991",14,47712.38
"992",11,24086.95
"993",14,56575.53
"994",12,63202.67
"995",13,43122.92
"996",14,40502.44
"997",9,117519.52
"998",20,83377.69
"999",19,21290.71
"1000",9,42748.58
"1001",9,43721.8
"1002",9,55901.38
"1003",5,49749.39
"1004",20,58757.27
"1005",10,49085.79
"1006",14,78591.63
"1007",15,87157.51
"1008",9,16465.53
"1009",9,110903.75
"1010",9,33788.58
"1011",13,16468.93
"1012",9,95510.36
"1013",13,47351.49
"1014",16,100270.6
"1015",13,41850.78
"1016",15,82876.25
"1017",14,20788.95
"1018",13,66057.35
"1019",13,27561.9
"1020",16,80667.33
"1021",8,45844.02
"1022",9,66663.29
"1023",11,52271.18
"1024",12,26658.62
"1025",14,54919.25
"1026",14,54773.63
"1027",11,29717.4
"1028",10,40789.82
"1029",12,51988.68
"1030",15,202871.92
"1031",13,46154.79
"1032",16,21843.97
"1033",11,51632.32
"1034",15,44447.66
"1035",15,39263.65
"1036",14,71541.61
"1037",13,59489.87
"1038",11,56196.38
"1039",11,72588.3
"1040",12,38510.74
"1041",12,56315.09
"1042",15,119881.98
"1043",11,63148.88
"1044",11,18100.19
"1045",10,73311.14
"1046",11,19079.33
"1047",11,19717.86
"1048",15,39284.09
"1049",12,89002.58
"1050",11,46157.94
"1051",20,52535.99
"1052",14,36388.59
"1053",18,34092.89
"1054",11,96831.02
"1055",17,36015.44
"1056",12,44764.17
"1057",12,26597.06
"1058",13,52096.71
"1059",8,46378.14
"1060",14,83377.02
"1061",10,26417.1
"1062",13,33973.91
"1063",16,82505.93
"1064",8,30384.71
"1065",13,60777.8
"1066",14,83998.15
"1067",7,74305
"1068",14,17020.49
"1069",12,98895.91
"1070",17,25124.91
"1071",8,85987.27
"1072",14,81988.06
"1073",9,22096.48
"1074",6,42278.62
"1075",9,74019.38
"1076",7,22580.3
"1077",13,44204.21
"1078",9,28911.06
"1079",8,126509.68
"1080",20,66769.1
"1081",12,105259.26
"1082",14,35485.75
"1083",16,176855.35
"1084",9,34230.06
"1085",13,76631.81
"1086",13,37950.93
"1087",9,21909.12
"1088",10,101445.27
"1089",11,42410.39
"1090",11,34058.7
"1091",5,47761.86
"1092",20,36584.65
"1093",10,65178.72
"1094",11,114464.82
"1095",17,26827.24
"1096",9,22279.85
"1097",17,54272.08
"1098",19,62772.44
"1099",10,41074.52
"1100",12,33150.96
"1101",20,60202.62
"1102",15,73887.47
"1103",19,35462.47
"1104",14,29858.91
"1105",13,67283.57
"1106",16,35555.81
"1107",15,54587.52
"1108",11,61085.14
"1109",11,63991.65
"1110",10,39750.36
"1111",16,47306.45
"1112",10,37193.34
"1113",12,24517.41
"1114",7,37695.75
"1115",15,79448.8
"1116",14,56494.62
"1117",7,43726.75
"1118",14,47738.17
"1119",11,96008.32
"1120",11,114755.72
"1121",14,54893.38
"1122",15,43731.7
"1123",20,104715.15
"1124",14,39203.27
"1125",7,53683.86
"1126",11,35481.21
"1127",16,30157.53
"1128",11,28556.53
"1129",10,70750.04
"1130",10,63874.47
"1131",11,32939.1
"1132",9,35326.21
"1133",5,66707.4
"1134",11,43107.54
"1135",15,42939.34
"1136",6,69319.02
"1137",10,51469.44
"1138",8,68552.61
"1139",12,24419.7
"1140",3,57987.67
"1141",7,59969.12
"1142",11,68228.11
"1143",11,43356.63
"1144",13,131150.33
"1145",16,105573.15
"1146",12,41834.93
"1147",6,36518.02
"1148",10,88322.22
"1149",12,40256.72
"1150",16,57584.55
"1151",14,37645.93
"1152",16,44684.67
"1153",6,42460.69
"1154",13,86512.86
"1155",11,22618.79
"1156",16,26901.23
"1157",10,59379.34
"1158",9,79147.15
"1159",12,50276
"1160",13,57729.99
"1161",11,117907.29
"1162",15,57266.65
"1163",14,98981.16
"1164",11,32216.71
"1165",15,69016.14
"1166",13,28652.85
"1167",14,56133.26
"1168",9,43866.1
"1169",9,41772.17
"1170",14,82897.68
"1171",11,49639.41
"1172",11,36322.37
"1173",14,135788.97
"1174",6,143156.29
"1175",14,31106.5
"1176",17,82577.31
"1177",10,73302.56
"1178",7,59529.72
"1179",14,61271.57
"1180",10,89860.94
"1181",9,106662
"1182",13,24553.09
"1183",12,46710.51
"1184",16,48836.33
"1185",6,127293.56
"1186",20,70983.23
"1187",13,30779.4
"1188",7,67634.86
"1189",13,20809.19
"1190",14,66568.58
"1191",16,66267.53
"1192",10,123708.95
"1193",13,49725.2
"1194",15,68687.69
"1195",16,57313.19
"1196",14,35709.92
"1197",13,38406.84
"1198",8,28420.03
"1199",9,66824.87
"1200",14,56806.41
"1201",13,33934.39
"1202",11,28775.14
"1203",11,32497.76
"1204",14,40489.38
"1205",12,15371.61
"1206",9,50666.19
"1207",15,78612.07
"1208",6,50828.76
"1209",11,87732.27
"1210",11,42345.03
"1211",15,53789.95
"1212",14,36430.87
"1213",7,21072.62
"1214",14,58639.46
"1215",13,64765.83
"1216",16,60253.19
"1217",9,25296.39
"1218",10,36746.35
"1219",7,29603.93
"1220",19,34041.75
"1221",15,44614.13
"1222",14,35455.77
"1223",8,73141.61
"1224",17,42689.77
"1225",10,34981.91
"1226",13,35086.67
"1227",10,73916.04
"1228",10,34590.77
"1229",8,52829.63
"1230",11,57487.49
"1231",9,30441.22
"1232",13,96081.04
"1233",13,39922.75
"1234",11,67225.3
"1235",15,19952.88
"1236",13,33388.01
"1237",17,102645.22
"1238",11,32166.99
"1239",6,102770.94
"1240",15,55090.75
"1241",17,39334.51
"1242",17,49611.1
"1243",11,28886.82
"1244",9,38962.66
"1245",11,81570.44
"1246",10,29459.71
"1247",12,64268.79
"1248",11,39839.99
"1249",9,50431.5
"1250",13,31151.03
"1251",15,75206.17
"1252",8,84181.77
"1253",7,53099.45
"1254",13,59337.32
"1255",19,26837.61
"1256",20,105105.32
"1257",11,52794.42
"1258",14,82839.02
"1259",10,122688.82
"1260",15,27175.35
"1261",13,28444.55
"1262",13,74298.86
"1263",7,78788.86
"1264",11,27299.93
"1265",16,47207.55
"1266",12,71090.79
"1267",17,59906.61
"1268",11,41877.19
"1269",14,29958.52
"1270",6,125511.64
"1271",8,14717.92
"1272",9,27206.89
"1273",12,71277.46
"1274",8,100071.93
"1275",7,71635.8
"1276",13,72085.81
"1277",19,41065.73
"1278",17,52935.41
"1279",12,124053.43
"1280",10,102653.24
"1281",16,91256.67
"1282",16,41430.8
"1283",11,17172.3
"1284",18,23356.39
"1285",13,137666.02
"1286",9,40466.73
"1287",11,45702.25
"1288",12,51596.97
"1289",16,28132.81
"1290",9,46684
"1291",7,40539.27
"1292",6,73206.03
"1293",15,50420.05
"1294",9,26982.26
"1295",11,40518.08
"1296",10,28854.08
"1297",9,78899.02
"1298",9,46989.27
"1299",13,78359.81
"1300",9,54488.85
"1301",5,42707.84
"1302",10,17169.65
"1303",18,72124.8
"1304",14,51247.92
"1305",4,45636.27
"1306",10,44055.13
"1307",13,51594.23
"1308",10,73464.67
"1309",14,58650.64
"1310",13,24737.18
"1311",16,61033.29
"1312",14,74619.54
"1313",12,63050.33
"1314",9,79874.78
"1315",14,20042.53
"1316",10,47330.44
"1317",9,69398.58
"1318",12,51929.09
"1319",6,54156.56
"1320",15,67844.12
"1321",17,80142.33
"1322",15,31862.14
"1323",15,35344.3
"1324",15,37191.27
"1325",13,72337.89
"1326",9,48516.84
"1327",12,71200.3
"1328",10,45863.22
"1329",12,32972.17
"1330",12,116926.78
"1331",12,133348.91
"1332",13,49696.98
"1333",12,26426.09
"1334",16,110413.35
"1335",15,48036.15
"1336",12,63454.6
"1337",14,23968.69
"1338",20,118862.73
"1339",17,116344.28
"1340",18,54430.55
"1341",10,37100.72
"1342",10,16569.9
"1343",10,41333.1
"1344",10,72198.85
"1345",15,73433.84
"1346",9,36756.84
"1347",7,113335.5
"1348",12,65988.93
"1349",11,50932.37
"1350",7,45301.12
"1351",10,37720.99
"1352",20,40809.78
"1353",14,56568.27
"1354",9,48753.38
"1355",14,107685.7
"1356",15,49307.06
"1357",9,34704.37
"1358",5,19179.61
"1359",11,90426.68
"1360",9,43256.27
"1361",6,24770.21
"1362",12,32210.96
"1363",7,178308.82
"1364",15,26294.38
"1365",13,57865.7
"1366",17,19899.39
"1367",10,44323.35
"1368",15,58697.24
"1369",11,44299.01
"1370",9,50200.89
"1371",11,44449.71
"1372",6,79115.75
"1373",10,48117.2
"1374",10,111944.82
"1375",16,72376.95
"1376",13,47594.02
"1377",14,86785.21
"1378",10,50937.61
"1379",16,58898.74
"1380",9,43782.54
"1381",13,11094.68
"1382",18,39083.12
"1383",16,23754.18
"1384",15,50501.12
"1385",12,53453.06
"1386",9,61313.5
"1387",7,57199.32
"1388",9,150876.62
"1389",13,50574.05
"1390",10,70716.95
"1391",10,51724.99
"1392",12,124955.45
"1393",12,72210.3
"1394",11,87415.38
"1395",10,18202.86
"1396",1,65210.33
"1397",11,33430.4
"1398",9,79198.48
"1399",11,46453.81
"1400",16,70375.7
"1401",15,62244.75
"1402",16,18628.3
"1403",8,31202.25
"1404",12,38372.95
"1405",8,75183.59
"1406",12,41555.74
"1407",10,45429.19
"1408",10,59068.46
"1409",8,47966.58
"1410",19,28452.18
"1411",6,122389.12
"1412",12,35566.08
"1413",10,48732.2
"1414",8,39879.94
"1415",9,34843.96
"1416",7,37522.12
"1417",10,44920.18
"1418",12,27894.43
"1419",8,127113.57
"1420",6,43821.76
"1421",16,24912.14
"1422",11,82819.7
"1423",8,46824.59
"1424",14,36633.26
"1425",11,37482.72
"1426",11,47079.46
"1427",13,21836.21
"1428",11,47234.6
"1429",10,130087.23
"1430",11,16720.12
"1431",18,69209.66
"1432",15,58731.63
"1433",8,184564.55
"1434",15,37782.35
"1435",14,39487.44
"1436",13,44331.7
"1437",6,47287.11
"1438",15,34317.56
"1439",11,53019.68
"1440",8,135986.83
"1441",15,59427.83
"1442",6,78166.73
"1443",12,49794.33
"1444",9,97072.32
"1445",8,45006.06
"1446",6,50614.19
"1447",11,31361.68
"1448",14,46986.55
"1449",15,40207.83
"1450",15,53971.47
"1451",13,68286.56
"1452",11,82100.54
"1453",8,55685.76
"1454",9,126238.51
"1455",12,53387.43
"1456",18,42415.03
"1457",14,72606.1
"1458",14,37734.23
"1459",11,54535.52
"1460",15,44023.61
"1461",15,27892.73
"1462",17,61012.37
"1463",10,39134.8
"1464",12,41159.39
"1465",8,38760.79
"1466",14,55051.71
"1467",13,18697.89
"1468",20,15166.19
"1469",14,74362.42
"1470",7,99895.85
"1471",14,59977.93
"1472",8,56968.63
"1473",9,78818.74
"1474",12,29675.06
"1475",12,31528.99
"1476",12,48522.06
"1477",11,114812.77
"1478",13,64993.71
"1479",8,76726.53
"1480",13,155440.53
"1481",11,25789.88
"1482",15,47828.01
"1483",12,19010.98
"1484",10,37210.49
"1485",13,32365.56
"1486",9,73405.9
"1487",12,36748.33
"1488",7,40286.08
"1489",13,47354.2
"1490",10,82862.12
"1491",18,115151.17
"1492",9,41655.18
"1493",11,63842.26
"1494",10,27040
"1495",15,23343.36
"1496",12,67845.78
"1497",13,17088.71
"1498",7,72071.04
"1499",11,68295.98
"1500",17,59157.65
"1501",9,48742.61
"1502",15,55111.9
"1503",7,33454.93
"1504",13,30560.86
"1505",13,72378.9
"1506",12,49440.09
"1507",14,11565.17
"1508",17,22342.15
"1509",10,78974.74
"1510",10,49871.17
"1511",14,109359.88
"1512",11,36699.66
"1513",17,116919.75
"1514",12,48720.81
"1515",13,24538.85
"1516",8,41289.03
"1517",8,36972.13
"1518",6,20433.58
"1519",15,47561.71
"1520",9,104503.67
"1521",9,61843.63
"1522",13,42769.96
"1523",16,40056.02
"1524",10,90065.52
"1525",11,67034.21
"1526",9,33135.88
"1527",13,72128.91
"1528",12,69842.88
"1529",5,35560.38
"1530",9,46180.99
"1531",7,72706.78
"1532",8,22442.24
"1533",15,54460.54
"1534",7,27035.89
"1535",17,27208.56
"1536",8,70521.09
"1537",16,41028.89
"1538",17,61855.33
"1539",12,81535.67
"1540",9,90948.24
"1541",10,24341.32
"1542",11,35510.72
"1543",7,33823.03
"1544",12,42758.13
"1545",14,100554.39
"1546",11,46651.83
"1547",6,20310.64
"1548",15,33266.64
"1549",20,64166.57
"1550",10,29559.83
"1551",18,33328.93
"1552",8,107736.14
"1553",15,31016.46
"1554",9,33049.28
"1555",17,60028.52
"1556",14,80509.96
"1557",9,44371.51
"1558",16,51135.76
"1559",17,95996.63
"1560",14,39156.17
"1561",10,36895.39
"1562",12,59261.72
"1563",11,100020.21
"1564",15,32535.66
"1565",11,95477.39
"1566",9,45131.32
"1567",13,43090.52
"1568",8,85622.89
"1569",9,98144.9
"1570",20,31197.42
"1571",8,33863.81
"1572",14,43494.4
"1573",12,30580.1
"1574",9,29188.46
"1575",12,65864.82
"1576",9,57038.62
"1577",6,51288.62
"1578",3,51285.7
"1579",9,95598.77
"1580",12,51421.09
"1581",11,71876.11
"1582",16,54090.95
"1583",12,39304.24
"1584",12,59868.7
"1585",14,94521.41
"1586",9,36331.6
"1587",12,69402.46
"1588",14,31201.1
"1589",12,35496.37
"1590",15,56058.19
"1591",16,64131.45
"1592",15,128117.61
"1593",10,40903.94
"1594",8,26107.78
"1595",5,68345.77
"1596",8,24433.25
"1597",16,42625.63
"1598",11,67491.31
"1599",13,35001.24
"1600",14,86394.42
"1601",9,21823.39
"1602",12,12683.64
"1603",8,121508.18
"1604",12,71571.68
"1605",13,121881.9
"1606",10,61299.52
"1607",11,49907.88
"1608",16,59710.24
"1609",10,35570.53
"1610",12,99313.01
"1611",13,39158.29
"1612",10,42405.49
"1613",18,33070.93
"1614",7,60789.69
"1615",7,26785.63
"1616",16,45680.41
"1617",5,15537.87
"1618",16,56653.6
"1619",15,65516.11
"1620",5,84945.54
"1621",15,34793.84
"1622",9,22343.48
"1623",12,115483.04
"1624",19,20887.68
"1625",9,109883.59
"1626",13,29264.91
"1627",8,64115.36
"1628",9,51956.86
"1629",12,47345.41
"1630",16,32319.19
"1631",9,35995.02
"1632",20,35404.5
"1633",12,67862.39
"1634",17,63381.92
"1635",11,41657.15
"1636",17,56738.2
"1637",8,62373.45
"1638",8,42582.06
"1639",9,40968.57
"1640",9,98760.28
"1641",12,16645.06
"1642",12,55941.38
"1643",13,115821.53
"1644",10,37503.62
"1645",10,34031.39
"1646",12,71189.17
"1647",10,86013.97
"1648",16,34804.47
"1649",12,85345.63
"1650",9,29797.49
"1651",9,37130.08
"1652",19,70455.6
"1653",10,70436.24
"1654",9,63909.54
"1655",11,30752.75
"1656",14,80598.77
"1657",12,60008
"1658",13,115196.6
"1659",11,37395.19
"1660",13,129395.75
"1661",16,53173.45
"1662",14,144160.36
"1663",13,32049.24
"1664",12,35719.3
"1665",11,53822.96
"1666",20,40391.24
"1667",9,38182.33
"1668",10,104649.06
"1669",14,31859.36
"1670",8,119926.77
"1671",8,51793.57
"1672",9,48512
"1673",14,27345.83
"1674",8,52331.4
"1675",13,33370.77
"1676",8,166616.96
"1677",15,37696.81
"1678",10,58667.64
"1679",12,52522.37
"1680",14,64669.44
"1681",6,28832.56
"1682",13,22523.7
"1683",13,87412.02
"1684",10,69036.22
"1685",6,119373.02
"1686",9,67219.1
"1687",12,79508.22
"1688",7,113573.04
"1689",14,76346.91
"1690",17,63885.69
"1691",11,31344.49
"1692",13,53745.83
"1693",11,68112.92
"1694",14,62672.01
"1695",12,36072.34
"1696",12,28360.62
"1697",15,70876.95
"1698",8,48558.78
"1699",16,53284.39
"1700",14,69615.41
"1701",5,43750.76
"1702",11,87278.45
"1703",13,36975.37
"1704",20,45942.31
"1705",13,114776.34
"1706",8,57121.43
"1707",9,50282.71
"1708",20,34423.61
"1709",17,26935.36
"1710",17,56238.02
"1711",7,55770.99
"1712",12,105839.66
"1713",11,41097.11
"1714",10,56715.69
"1715",11,47568.46
"1716",14,98870.4
"1717",8,38294.87
"1718",15,61104.36
"1719",12,99645.3
"1720",8,73660.56
"1721",5,73615.64
"1722",9,41470.1
"1723",14,63835.1
"1724",6,29086.29
"1725",12,64032.47
"1726",11,60739.46
"1727",13,67709
"1728",14,79083.76
"1729",11,77575.22
"1730",13,93053.27
"1731",8,37624.25
"1732",12,39656.58
"1733",13,67361.43
"1734",9,76820.34
"1735",11,28332.33
"1736",9,47010.62
"1737",11,26491.03
"1738",11,48760.68
"1739",9,85372.77
"1740",10,49355.41
"1741",13,28688.4
"1742",10,22272.24
"1743",12,135800.55
"1744",11,18180.73
"1745",9,35347.41
"1746",16,36441.09
"1747",10,44099.05
"1748",10,50700.9
"1749",12,39783.26
"1750",14,73280.5
"1751",10,97845.76
"1752",10,34772.62
"1753",9,71463.39
"1754",11,47975.86
"1755",17,26952.85
"1756",15,23629.08
"1757",11,30275.64
"1758",6,31630.83
"1759",5,122287.59
"1760",14,33090.04
"1761",14,36261.5
"1762",12,110395.65
"1763",13,28974.87
"1764",12,55709.33
"1765",10,21980.55
"1766",20,23844.41
"1767",11,21499.73
"1768",13,53591.62
"1769",17,41150.46
"1770",13,52937.97
"1771",17,53918.86
"1772",13,69619.8
"1773",11,38824.06
"1774",16,143490.32
"1775",13,104497.45
"1776",9,37776.09
"1777",13,37269.21
"1778",8,36727.69
"1779",12,180786.54
"1780",10,19118.19
"1781",17,59324.97
"1782",12,26420.31
"1783",11,29683.61
"1784",10,75136.87
"1785",8,81748.13
"1786",15,42095.72
"1787",11,58052.46
"1788",20,41926.6
"1789",10,31721.43
"1790",10,57532.75
"1791",16,29790.45
"1792",7,57314.14
"1793",10,65426.15
"1794",15,64213.89
"1795",12,127825.78
"1796",20,38042.78
"1797",15,55488.79
"1798",4,36196.05
"1799",12,61739.14
"1800",10,50976.85
"1801",10,42480.82
"1802",13,131062.1
"1803",12,26356.22
"1804",16,32695.78
"1805",11,29621.24
"1806",8,142917.02
"1807",15,57663.95
"1808",12,74263.21
"1809",20,78638.28
"1810",8,43675.47
"1811",15,39583.14
"1812",16,62245.52
"1813",9,94739.95
"1814",9,14302.08
"1815",8,92459.21
"1816",12,39440.62
"1817",13,37871.82
"1818",14,63468.44
"1819",19,70623.77
"1820",5,94339.91
"1821",10,66422.84
"1822",14,93602.68
"1823",7,57311.05
"1824",5,67338.72
"1825",11,61871.6
"1826",15,31958.51
"1827",11,37436.66
"1828",18,54336.27
"1829",9,27822.83
"1830",9,64735.34
"1831",11,66093.54
"1832",5,57253.44
"1833",9,68109
"1834",15,67273.6
"1835",12,27988.13
"1836",14,50122.78
"1837",13,71548.52
"1838",11,42745.86
"1839",11,70637.42
"1840",10,59995.86
"1841",9,22691.17
"1842",12,59727.27
"1843",12,72123.75
"1844",10,95281.37
"1845",11,33862.3
"1846",8,48903.35
"1847",13,26107.63
"1848",13,63321.48
"1849",10,57645.94
"1850",10,38576.62
"1851",14,30516.1
"1852",6,42202.89
"1853",11,60566.08
"1854",8,14298.11
"1855",12,81077.33
"1856",15,58140.49
"1857",14,45933.72
"1858",8,52048.74
"1859",13,182448.14
"1860",13,38916.99
"1861",13,19834.29
"1862",9,25222.92
"1863",8,50054.69
"1864",11,51756.6
"1865",11,31021.05
"1866",15,66644.73
"1867",8,37890.46
"1868",9,48632.34
"1869",9,68992.97
"1870",9,56100.57
"1871",11,36263.72
"1872",8,36574.64
"1873",6,115025.94
"1874",10,38062.86
"1875",13,128581.14
"1876",11,51730.02
"1877",14,60261.36
"1878",13,75964.92
"1879",14,51394.26
"1880",14,42437.46
"1881",5,90831.58
"1882",17,26278.18
"1883",13,117681.65
"1884",12,93886.96
"1885",15,89158.23
"1886",7,88150.46
"1887",11,235858.75
"1888",9,34991.15
"1889",12,112607.4
"1890",16,54528.47
"1891",9,32435.66
"1892",13,37737.42
"1893",9,21883.55
"1894",10,85687.74
"1895",14,93422.8
"1896",14,88091.23
"1897",10,133861.39
"1898",16,47227.35
"1899",10,76396.9
"1900",14,50537.23
"1901",12,42233.29
"1902",16,39325.99
"1903",15,27142.67
"1904",12,61851.28
"1905",11,29569.82
"1906",15,63999.53
"1907",11,48144.08
"1908",14,88938.86
"1909",6,62215.74
"1910",13,29204.06
"1911",14,51504.78
"1912",13,18895.23
"1913",8,25707.75
"1914",15,77874.68
"1915",11,95353.78
"1916",7,41356.64
"1917",16,40419.44
"1918",13,39222.5
"1919",11,57755.08
"1920",8,119660.48
"1921",13,30787.7
"1922",12,137457.7
"1923",7,82400.42
"1924",11,43173.46
"1925",12,22009.72
"1926",10,59635.94
"1927",10,93143.14
"1928",6,72736.64
"1929",16,73304.29
"1930",10,32413.49
"1931",7,30821.68
"1932",11,96636.22
"1933",8,56033.07
"1934",12,27536.62
"1935",14,86210.48
"1936",9,22792.37
"1937",8,75334.7
"1938",17,20693.96
"1939",14,45303
"1940",11,24104.85
"1941",13,52504.43
"1942",14,43232.2
"1943",17,24161.36
"1944",10,65941.31
"1945",8,129760.05
"1946",16,21279.3
"1947",12,36455.7
"1948",13,33583.92
"1949",18,80697.39
"1950",14,39130.9
"1951",11,22158.31
"1952",13,38090.58
"1953",13,24565.5
"1954",6,39748.62
"1955",13,31543.48
"1956",14,34808.15
"1957",19,41892.19
"1958",14,33334.89
"1959",7,27114.39
"1960",12,43992.32
"1961",14,37322.02
"1962",7,63504.07
"1963",10,39397.81
"1964",13,57764.25
"1965",16,41435.48
"1966",10,43612.48
"1967",11,78724.22
"1968",13,78615.67
"1969",12,95385.62
"1970",9,32586.95
"1971",9,42143.92
"1972",11,55855.06
"1973",7,44603.14
"1974",12,42532.6
"1975",4,61396.74
"1976",15,91552.48
"1977",10,101231.27
"1978",10,27583.72
"1979",9,94314.58
"1980",20,77948
"1981",12,92715.15
"1982",7,59738.25
"1983",7,15786.23
"1984",8,23929.46
"1985",13,81000.97
"1986",10,39567.83
"1987",6,93829.91
"1988",8,49542.84
"1989",11,27645.66
"1990",17,48509.07
"1991",9,33461.1
"1992",8,55941.71
"1993",7,26065.14
"1994",11,64578.59
"1995",15,48747.35
"1996",4,79807.26
"1997",12,151462.22
"1998",11,43282.15
"1999",18,74722.32
"2000",14,64378.2
"2001",11,18255
"2002",7,23816.73
"2003",11,37921.43
"2004",12,42273.3
"2005",12,61339.37
"2006",10,52368.13
"2007",6,48618.12
"2008",16,69412.32
"2009",9,71706.83
"2010",13,37942.16
"2011",17,30211
"2012",11,41989.01
"2013",13,36061.45
"2014",11,31007.04
"2015",14,46216.26
"2016",11,43291.12
"2017",13,56258.42
"2018",6,61390
"2019",8,121171.33
"2020",7,130349.62
"2021",6,75201.35
"2022",12,88992.42
"2023",14,33210.83
"2024",15,19068.64
"2025",14,97084.04
"2026",10,34401.83
"2027",7,47106.53
"2028",8,32131.5
"2029",11,66551.86
"2030",6,42333.9
"2031",8,50704.44
"2032",10,44263.14
"2033",12,25903.2
"2034",16,36556.18
"2035",16,174471.05
"2036",10,56488.51
"2037",12,36061.29
"2038",6,43580.13
"2039",7,55330.85
"2040",17,57713.22
"2041",11,73145.03
"2042",9,26238.54
"2043",9,80242.13
"2044",12,43425.05
"2045",9,46995.35
"2046",11,44969.42
"2047",10,39957.45
"2048",6,64074.02
"2049",11,45226.64
"2050",17,81442.54
"2051",14,39462.24
"2052",9,53404.81
"2053",13,50368.75
"2054",7,59648.1
"2055",14,57017.55
"2056",10,69165.68
"2057",11,69145.24
"2058",15,44515.41
"2059",7,13185.43
"2060",13,58456.98
"2061",18,76426.23
"2062",11,83093.14
"2063",9,60282.05
"2064",13,48584.33
"2065",10,51101.88
"2066",12,37992.65
"2067",9,21303.97
"2068",5,25788.83
"2069",16,62114.39
"2070",18,52043.29
"2071",9,76544.31
"2072",11,42105.49
"2073",15,53083.26
"2074",9,39067.72
"2075",9,26658.64
"2076",15,131252.75
"2077",12,40768.4
"2078",15,58852.38
"2079",9,59770.37
"2080",5,94571.72
"2081",12,41109.87
"2082",12,44715.35
"2083",15,42210.49
"2084",5,80014.95
"2085",15,36936.09
"2086",3,32367.14
"2087",11,41604.07
"2088",11,65673.22
"2089",11,52894.24
"2090",11,84185.92
"2091",11,51528.99
"2092",12,31604.48
"2093",6,86739.87
"2094",4,79101.68
"2095",14,27400.53
"2096",9,58170.73
"2097",8,41009.3
"2098",14,180072.21
"2099",17,26816.44
"2100",8,9379.92
"2101",10,54848.49
"2102",11,59175.45
"2103",16,57139.4
"2104",15,27338.75
"2105",9,36397.79
"2106",15,51798.14
"2107",10,34018.36
"2108",13,53346.66
"2109",13,31622.46
"2110",14,46971.25
"2111",9,51062.95
"2112",16,32216.51
"2113",9,65450.35
"2114",10,29250.32
"2115",8,100858.62
"2116",16,167719.59
"2117",11,110989.31
"2118",13,106998.24
"2119",13,31220.65
"2120",13,45379.74
"2121",9,17445.19
"2122",9,71953.26
"2123",10,28436.54
"2124",14,49886.61
"2125",11,51984.47
"2126",7,86189.89
"2127",18,134115.22
"2128",5,75824.22
"2129",16,54456.7
"2130",9,38058.54
"2131",14,49435.34
"2132",16,157897.92
"2133",16,35719.35
"2134",10,51247.74
"2135",8,40498.05
"2136",15,25147.84
"2137",6,184667.5
"2138",10,26562.71
"2139",12,83990.4
"2140",11,54448.1
"2141",14,39588.18
"2142",16,48338.92
"2143",11,41012.73
"2144",14,70732.26
"2145",12,52002.25
"2146",15,26057.33
"2147",9,40129.22
"2148",17,45866.49
"2149",17,64366.19
"2150",7,69053.45
"2151",13,102406.22
"2152",17,47943.66
"2153",6,33402.39
"2154",11,64196.79
"2155",11,37104.11
"2156",9,143256.61
"2157",15,16730.07
"2158",10,40343.93
"2159",10,30426.53
"2160",12,65509.1
"2161",8,21837.76
"2162",10,48474.39
"2163",10,45227.8
"2164",11,27681.19
"2165",10,36775.43
"2166",8,84246.41
"2167",12,41149.41
"2168",7,46643.65
"2169",13,51276.42
"2170",11,26806.88
"2171",9,63416.29
"2172",9,42485.97
"2173",8,137566.61
"2174",12,42795.64
"2175",13,106858.67
"2176",13,72984.01
"2177",8,49373.6
"2178",10,32239.58
"2179",10,105879.55
"2180",12,32082.32
"2181",11,93564.91
"2182",10,50464.06
"2183",9,24553.83
"2184",12,46999.9
"2185",14,186984.05
"2186",10,167035.1
"2187",15,82175.3
"2188",11,45321.2
"2189",5,40812.45
"2190",12,32149.48
"2191",13,41377.55
"2192",13,71732.93
"2193",10,55450.55
"2194",8,20382.41
"2195",7,128546.74
"2196",9,40089.19
"2197",9,91980.62
"2198",9,56960.44
"2199",10,37115.57
"2200",12,42781.16
"2201",15,120903.22
"2202",9,53147.63
"2203",15,87005.38
"2204",14,74267.49
"2205",15,29207.66
"2206",15,37647.97
"2207",18,44673.65
"2208",17,28855.65
"2209",17,33626.84
"2210",10,119429.97
"2211",9,60266.03
"2212",13,57011.53
"2213",9,104387.87
"2214",12,92519.03
"2215",10,42072.6
"2216",9,42916.07
"2217",12,21496.46
"2218",18,22293.52
"2219",13,86846.91
"2220",19,56841.33
"2221",10,56134.28
"2222",8,27327.02
"2223",17,33426.43
"2224",14,47092.66
"2225",10,46097.68
"2226",16,75206.32
"2227",10,87401.03
"2228",8,101388.47
"2229",16,43404.06
"2230",13,62040.63
"2231",17,64623.47
"2232",9,42652.49
"2233",10,78098.82
"2234",15,56909.04
"2235",15,82459.49
"2236",15,68715.13
"2237",10,71293.02
"2238",11,20250.23
"2239",9,63133.43
"2240",12,42012.35
"2241",11,33481.92
"2242",7,111781.42
"2243",12,26582.66
"2244",14,96867.74
"2245",14,52325.24
"2246",17,19198.04
"2247",14,59161.95
"2248",11,16204.65
"2249",11,67037.47
"2250",10,92664.24
"2251",10,48223.49
"2252",11,61781.56
"2253",16,115646.98
"2254",17,33230.91
"2255",9,57004.06
"2256",11,99217.72
"2257",8,68037.56
"2258",9,54896.98
"2259",18,32628.82
"2260",11,26836.19
"2261",12,36040.47
"2262",8,78172.78
"2263",10,64556.81
"2264",17,89148.95
"2265",12,34494
"2266",11,31088.95
"2267",15,72676.69
"2268",15,67761.35
"2269",13,30150.85
"2270",16,65369.87
"2271",12,22971.38
"2272",18,43453.65
"2273",17,25464.17
"2274",11,28353.13
"2275",13,33994.05
"2276",10,50631.43
"2277",11,100398.6
"2278",14,60565.84
"2279",16,32856.07
"2280",15,38596.53
"2281",13,97242.18
"2282",12,24848.48
"2283",10,45662.64
"2284",11,16112.51
"2285",13,46925.53
"2286",15,73252.38
"2287",10,41499.72
"2288",9,47693.47
"2289",15,44596.52
"2290",12,60885.3
"2291",19,53313.32
"2292",18,62954.64
"2293",14,50799.62
"2294",12,94320.47
"2295",13,42328.88
"2296",10,86351.88
"2297",12,56867.96
"2298",17,41911.32
"2299",9,132377.91
"2300",11,75475.35
"2301",12,95343.46
"2302",10,32890.78
"2303",13,58168.57
"2304",8,67977.07
"2305",13,53073.22
"2306",14,61679.45
"2307",13,29786.31
"2308",13,54953.9
"2309",8,68137.14
"2310",11,41383.75
"2311",12,57329.39
"2312",11,33179.23
"2313",10,20944.47
"2314",14,31344.44
"2315",12,36599.44
"2316",16,57633.66
"2317",8,33017.83
"2318",11,123364.69
"2319",10,48493.63
"2320",14,86049.99
"2321",8,55615.1
"2322",7,62696.82
"2323",12,45965.49
"2324",11,76375.93
"2325",4,22611.68
"2326",9,43747.55
"2327",5,62484.56
"2328",20,54900.37
"2329",10,42268.08
"2330",12,34220.82
"2331",20,17521.43
"2332",9,57001.94
"2333",13,33090.94
"2334",14,29017.72
"2335",13,123826.19
"2336",11,33089.92
"2337",9,43523.32
"2338",5,33742.14
"2339",15,106719.51
"2340",11,60613.12
"2341",14,36581.47
"2342",19,82416.92
"2343",18,52655.34
"2344",10,28916.81
"2345",13,42516.97
"2346",9,67940.32
"2347",11,71763.66
"2348",12,59810.9
"2349",11,63122.01
"2350",12,82240.94
"2351",7,64585.83
"2352",10,61137.79
"2353",11,57103.12
"2354",12,27559.5
"2355",17,39317.22
"2356",8,52701.62
"2357",11,37817.04
"2358",10,79452.1
"2359",20,73262.78
"2360",13,89732.88
"2361",13,86385.15
"2362",10,32679.51
"2363",16,30490.08
"2364",17,24055.46
"2365",11,61177.87
"2366",10,26749
"2367",13,20486.25
"2368",13,132597.18
"2369",13,49711.07
"2370",16,159491.65
"2371",18,53816.06
"2372",11,55345.61
"2373",8,27319.36
"2374",7,85970.51
"2375",9,57831.16
"2376",13,80103.6
"2377",15,64125.75
"2378",10,92614.17
"2379",17,56540.14
"2380",9,28124.1
"2381",19,53364.2
"2382",12,31462.62
"2383",10,48298.59
"2384",12,35629.25
"2385",17,14211.08
"2386",10,29999.15
"2387",7,119824.95
"2388",8,62532.63
"2389",9,42390.82
"2390",13,38062.61
"2391",10,54974.43
"2392",13,29507.81
"2393",18,49888.61
"2394",10,55429.04
"2395",10,62659.81
"2396",8,73256.53
"2397",16,41712.06
"2398",8,54361.99
"2399",12,64246.34
"2400",17,46986.47
"2401",17,41271.1
"2402",19,49439.45
"2403",18,32251.95
"2404",7,55225.11
"2405",16,85461.65
"2406",11,50102.3
"2407",11,50899.84
"2408",15,33308.94
"2409",12,48729.8
"2410",14,35422.74
"2411",11,58640.44
"2412",9,89195.53
"2413",11,43171.58
"2414",17,38391.76
"2415",13,44834.35
"2416",14,89364.84
"2417",13,48260.04
"2418",13,15663.99
"2419",16,39701.8
"2420",11,68850.01
"2421",12,62766.05
"2422",18,36121.72
"2423",10,18449.1
"2424",16,45289.14
"2425",9,89478.57
"2426",12,101919.87
"2427",11,118927.69
"2428",12,64215.23
"2429",19,33456.21
"2430",12,49749.2
"2431",12,23169.45
"2432",19,34598.44
"2433",7,16978.3
"2434",11,18944.49
"2435",7,81348.58
"2436",11,22405.15
"2437",11,38714.62
"2438",18,75220.77
"2439",9,57087.18
"2440",12,69925.17
"2441",6,44924.96
"2442",13,49190.7
"2443",10,25085.24
"2444",11,48258.01
"2445",16,74467.22
"2446",17,50024.07
"2447",6,123220.18
"2448",11,43514.35
"2449",13,69658.42
"2450",16,29516.48
"2451",15,32146.31
"2452",17,22136.9
"2453",8,80719.21
"2454",12,22358.42
"2455",12,28366.8
"2456",17,42106.82
"2457",17,11249.85
"2458",20,43754.84
"2459",10,21324.57
"2460",16,112324.09
"2461",14,49172.4
"2462",11,52574.2
"2463",10,95939.23
"2464",6,35905.46
"2465",15,68417.25
"2466",7,51784.53
"2467",15,61702.27
"2468",11,19296.39
"2469",14,83777.45
"2470",11,79038.17
"2471",16,145337.93
"2472",10,46025.97
"2473",6,57933.87
"2474",13,50530.71
"2475",9,116985.79
"2476",12,24196.87
"2477",17,32891.38
"2478",13,47998.19
"2479",10,19383.69
"2480",14,47071.14
"2481",10,54582.67
"2482",17,79580.08
"2483",12,92944.43
"2484",20,21432.99
"2485",9,111565.89
"2486",9,39426.15
"2487",13,87466.13
"2488",6,35025.35
"2489",10,68112.18
"2490",19,44540.71
"2491",16,58766.6
"2492",14,37292.51
"2493",7,43754.04
"2494",12,89716.66
"2495",9,47088.67
"2496",20,40588.35
"2497",12,43151.88
"2498",14,56343.78
"2499",14,30011.77
"2500",13,87846.78
"2501",13,41764.99
"2502",9,40813.97
"2503",10,43839.45
"2504",11,28326.15
"2505",20,72917.66
"2506",11,31017.47
"2507",15,85319.59
"2508",12,27754.88
"2509",12,19480.16
"2510",13,44526.97
"2511",14,41735.46
"2512",10,47620.29
"2513",7,45437.47
"2514",15,22295.67
"2515",9,128017.8
"2516",15,37388.64
"2517",9,77845.01
"2518",16,73846.06
"2519",13,30199.94
"2520",12,46489.86
"2521",14,70033.46
"2522",10,57212.62
"2523",15,29377.46
"2524",8,26134.15
"2525",12,64253.94
"2526",9,51195.23
"2527",6,73461.87
"2528",12,79462.16
"2529",15,42727.1
"2530",11,65697.18
"2531",17,59071.99
"2532",11,25488.27
"2533",13,84927.9
"2534",10,35076.16
"2535",11,88837.49
"2536",14,20424.42
"2537",12,54936.23
"2538",12,82742.92
"2539",5,32140.6
"2540",11,25111.16
"2541",14,37994.63
"2542",11,119441.58
"2543",11,41918.83
"2544",12,61052.02
"2545",13,23663.89
"2546",13,69740.81
"2547",6,63540.93
"2548",13,65461.48
"2549",17,33998.22
"2550",9,25890.72
"2551",9,57399.38
"2552",17,70190.63
"2553",10,70594.27
"2554",11,72443.95
"2555",9,104991.03
"2556",13,79172.78
"2557",6,40550.42
"2558",10,39111.24
"2559",16,18192.19
"2560",11,37212.17
"2561",13,73065.52
"2562",8,47585.03
"2563",11,73036.46
"2564",11,82551.46
"2565",7,79251.09
"2566",8,141316.1
"2567",15,75575.12
"2568",12,38530.18
"2569",10,35928.88
"2570",13,110530.58
"2571",13,49715.62
"2572",10,86538.3
"2573",9,43091.33
"2574",7,35665.84
"2575",7,74967.42
"2576",12,20379.12
"2577",11,48791.04
"2578",13,18464.53
"2579",12,86145.56
"2580",10,37609.54
"2581",10,40002.28
"2582",10,73967.71
"2583",10,23961.57
"2584",9,24144.46
"2585",12,52739.95
"2586",13,40305.28
"2587",12,70351.54
"2588",5,59630.97
"2589",11,62967.08
"2590",13,24385.2
"2591",8,117049.44
"2592",7,18228.55
"2593",7,72205.17
"2594",11,28185.27
"2595",17,26747.16
"2596",11,59901.21
"2597",15,45570.95
"2598",16,34590.28
"2599",16,27095.1
"2600",20,58620.18
"2601",14,73310.95
"2602",14,53912.63
"2603",19,57670.42
"2604",10,63281.9
"2605",11,51320.72
"2606",12,40171.39
"2607",18,33888.41
"2608",2,100977.74
"2609",8,108809.45
"2610",11,76584.15
"2611",15,23577.19
"2612",9,63313.65
"2613",15,79876.79
"2614",11,41478.9
"2615",10,18926.98
"2616",11,87086.83
"2617",9,42923.54
"2618",14,55451.72
"2619",8,59431.37
"2620",18,34079.69
"2621",8,84088.45
"2622",11,167099.66
"2623",13,105097.39
"2624",13,63194.27
"2625",12,19363.96
"2626",13,15588.42
"2627",18,60373.86
"2628",15,52182.82
"2629",12,41420.63
"2630",18,59561.82
"2631",14,59932.43
"2632",14,51620.9
"2633",16,61787.32
"2634",12,136284.52
"2635",14,31236.7
"2636",11,32273.31
"2637",12,23904.72
"2638",12,44338.58
"2639",9,58052.91
"2640",20,60831.31
"2641",12,56597.96
"2642",19,12339.54
"2643",12,54405.4
"2644",11,29538.34
"2645",16,21775.59
"2646",15,73725.4
"2647",13,78476.49
"2648",20,62747.99
"2649",9,54905.19
"2650",14,35118.76
"2651",14,87521.66
"2652",9,208600.08
"2653",12,66178.39
"2654",16,35502.05
"2655",14,65772.12
"2656",4,38632.4
"2657",4,37162.11
"2658",11,43098.51
"2659",14,33161.09
"2660",15,60870.15
"2661",11,82622.98
"2662",18,58578.58
"2663",15,69202.57
"2664",16,50527.42
"2665",10,49399.97
"2666",11,73921.16
"2667",8,27943.79
"2668",11,97491.99
"2669",11,38721.86
"2670",15,37983.21
"2671",13,52416.05
"2672",12,37274.21
"2673",12,37262.41
"2674",16,35936.47
"2675",15,58975.32
"2676",6,103328.52
"2677",11,37727.13
"2678",10,20523.75
"2679",9,40953.58
"2680",15,62125.71
"2681",14,38425.32
"2682",16,35437.19
"2683",12,100745.9
"2684",8,41120.01
"2685",18,60881.13
"2686",13,40196.23
"2687",13,104567.61
"2688",5,51853.44
"2689",10,53946.42
"2690",16,25049.23
"2691",14,34509.47
"2692",15,116744
"2693",11,80440
"2694",6,100673.46
"2695",8,50897.01
"2696",10,36971.01
"2697",19,43260.77
"2698",15,90576.61
"2699",11,71731.83
"2700",5,34278.75
"2701",10,62771.04
"2702",12,58725.72
"2703",10,49222.24
"2704",16,46494.86
"2705",20,53970.72
"2706",15,87024.28
"2707",6,88145.28
"2708",14,48556.72
"2709",11,78444.33
"2710",14,35337.28
"2711",19,22921.54
"2712",13,36685.7
"2713",14,23302.6
"2714",9,86564.41
"2715",13,72399.39
"2716",8,44045.95
"2717",15,87491.51
"2718",12,61444.9
"2719",14,70522.77
"2720",15,77040.33
"2721",15,39404.95
"2722",10,73415.84
"2723",12,54148.58
"2724",18,38053.27
"2725",13,92400.53
"2726",10,153342.1
"2727",13,105672.79
"2728",11,30403.13
"2729",11,46246.6
"2730",14,64888.07
"2731",14,151994.02
"2732",12,26192.84
"2733",13,65214.57
"2734",13,76325.13
"2735",12,90260.48
"2736",12,156426.49
"2737",15,48579
"2738",14,32925.75
"2739",14,40097.09
"2740",15,43561.89
"2741",13,24358.3
"2742",11,22678.52
"2743",8,36202.03
"2744",12,38223.07
"2745",18,29958.26
"2746",15,58732.02
"2747",12,25636.11
"2748",13,29680.16
"2749",10,38176.36
"2750",15,117329.01
"2751",14,51270.4
"2752",20,83249.16
"2753",10,30310.54
"2754",10,55389.1
"2755",5,20172.93
"2756",17,125646.9
"2757",10,67925.52
"2758",13,19511.13
"2759",10,108846.64
"2760",11,104149.78
"2761",14,50843.62
"2762",8,26879.97
"2763",9,55754.88
"2764",13,51070.36
"2765",14,137524.74
"2766",16,52450.09
"2767",14,22829.46
"2768",8,60943.05
"2769",13,73190.93
"2770",12,75472.38
"2771",10,87904.64
"2772",16,45300.81
"2773",10,63856.88
"2774",13,69785.8
"2775",13,33333.79
"2776",15,37558.29
"2777",15,26029.73
"2778",15,42829.05
"2779",9,71559.45
"2780",8,36314.51
"2781",6,29170.19
"2782",14,42480.01
"2783",13,73914.09
"2784",10,34320.94
"2785",10,83407.69
"2786",15,39111.89
"2787",10,81411.45
"2788",11,22738.44
"2789",13,25408.88
"2790",11,37424.83
"2791",9,32508.48
"2792",9,81317.58
"2793",13,68142.15
"2794",16,99957.57
"2795",12,23769.13
"2796",14,68828.6
"2797",9,60303.52
"2798",12,60166.57
"2799",17,68573.66
"2800",10,23493.41
"2801",13,66601.65
"2802",18,45526.02
"2803",14,54173.39
"2804",14,41428.16
"2805",11,71791.72
"2806",14,80820.05
"2807",7,45112.05
"2808",7,56832.23
"2809",13,113443.91
"2810",17,17290.8
"2811",17,52243.49
"2812",17,121185.14
"2813",17,40953.05
"2814",7,33247.51
"2815",10,55488.4
"2816",13,32792.89
"2817",11,21969.96
"2818",8,38929.71
"2819",11,15679.54
"2820",17,31492
"2821",11,60173.04
"2822",9,72479.41
"2823",16,49924.83
"2824",10,47880.17
"2825",9,47775.97
"2826",11,65286.25
"2827",13,23210.23
"2828",18,42374.64
"2829",15,76502.66
"2830",17,37803.54
"2831",12,28798.94
"2832",14,54330.09
"2833",14,62522.3
"2834",16,57855.18
"2835",9,68282.24
"2836",13,29803.3
"2837",16,77290.14
"2838",15,70573.48
"2839",11,57448.73
"2840",6,64271.68
"2841",7,23985.33
"2842",10,133285.49
"2843",10,36469.63
"2844",4,89420.58
"2845",5,92196.46
"2846",12,25190.09
"2847",15,39635
"2848",20,49264.88
"2849",9,31727.18
"2850",13,59732.7
"2851",9,46914.73
"2852",13,37900.88
"2853",17,34121.08
"2854",13,77769.84
"2855",16,59266.4
"2856",10,26845.63
"2857",7,114865.59
"2858",8,87869.4
"2859",7,49699.48
"2860",9,133746.1
"2861",8,28220.62
"2862",17,22030.08
"2863",16,14273.48
"2864",8,36199.49
"2865",11,37479.36
"2866",15,78671.72
"2867",11,93944.51
"2868",7,54152.29
"2869",17,44241.58
"2870",14,38546.96
"2871",5,78688.34
"2872",12,34588.12
"2873",3,46062.12
"2874",11,37962.11
"2875",12,38604.68
"2876",14,48504.5
"2877",13,54701.62
"2878",16,60423.92
"2879",10,35810.11
"2880",5,24396.05
"2881",16,124221.82
"2882",19,69029.79
"2883",11,81505.35
"2884",14,31462.28
"2885",18,27940.46
"2886",11,55522.59
"2887",15,30978.1
"2888",7,70700.68
"2889",11,68009.74
"2890",11,87094.8
"2891",14,48043.58
"2892",12,41178.85
"2893",14,25259.91
"2894",8,52968.51
"2895",16,148920.8
"2896",10,46217.19
"2897",10,38228.55
"2898",12,24001.59
"2899",15,45978.89
"2900",18,21336.6
"2901",17,71708.52
"2902",15,53025.32
"2903",5,209247.01
"2904",13,58015.81
"2905",14,74950.56
"2906",9,181030.34
"2907",7,33103.88
"2908",9,39179.64
"2909",20,28208.57
"2910",8,34018.16
"2911",10,48162.4
"2912",15,31225.84
"2913",10,48009.39
"2914",12,64661
"2915",14,95897.84
"2916",8,15474.08
"2917",17,26882.57
"2918",11,65260.16
"2919",10,172084.02
"2920",13,27915.74
"2921",12,30386.23
"2922",14,108221.54
"2923",17,24200.72
"2924",10,94920.06
"2925",12,26892.06
"2926",7,16255.76
"2927",14,37278.48
"2928",18,102350.88
"2929",7,51666.31
"2930",16,48488.33
"2931",8,59189.22
"2932",12,46544.77
"2933",6,157507.09
"2934",11,70971.17
"2935",14,58131.91
"2936",15,28982.17
"2937",13,41674.08
"2938",12,25615.38
"2939",8,34036.85
"2940",18,34708.97
"2941",11,31102.03
"2942",14,33840.77
"2943",11,46102.36
"2944",17,83516.64
"2945",11,103060.31
"2946",7,42443.42
"2947",12,107521
"2948",10,89124.08
"2949",14,104105.38
"2950",15,93013.57
"2951",11,54896.54
"2952",2,14983.02
"2953",12,59136.74
"2954",15,29136.61
"2955",11,48919.17
"2956",12,84609.91
"2957",16,54427.64
"2958",10,58095.4
"2959",8,87064.72
"2960",15,34886.78
"2961",16,127973
"2962",13,40573.91
"2963",10,41828.18
"2964",10,45561.67
"2965",10,78560.79
"2966",10,82734.91
"2967",13,43417.77
"2968",15,62087.48
"2969",10,81590.95
"2970",13,44751.94
"2971",14,50409.13
"2972",8,40538.21
"2973",15,63463.13
"2974",14,38282.16
"2975",9,105438.4
"2976",9,45023.04
"2977",16,46325.61
"2978",6,79340.19
"2979",11,139558.68
"2980",11,61229.37
"2981",14,141532.32
"2982",11,40797.23
"2983",10,63957.93
"2984",9,49334.94
"2985",14,151851.78
"2986",15,43487.13
"2987",14,193401.23
"2988",11,62434.85
"2989",10,51177.93
"2990",11,39687.83
"2991",11,35050.83
"2992",12,49434.41
"2993",9,38348.17
"2994",9,65717.63
"2995",6,85570.65
"2996",8,49993.32
"2997",15,55356.01
"2998",14,62249.74
"2999",12,26047.78
"3000",14,58313.29
"3001",8,55312.19
"3002",9,80510.51
"3003",12,65239.2
"3004",14,37782.84
"3005",15,82660.79
"3006",17,41955.9
"3007",13,40322.04
"3008",11,27355.22
"3009",9,100412.97
"3010",8,67801.16
"3011",10,81767.13
"3012",9,52176.69
"3013",10,38362.32
"3014",17,262128.27
"3015",11,30080.07
"3016",11,27421.05
"3017",13,94707.9
"3018",15,44380.33
"3019",11,75535.06
"3020",11,24400.92
"3021",14,60728.16
"3022",11,21303.12
"3023",11,40771.17
"3024",20,33271.8
"3025",15,59252.88
"3026",12,48121.79
"3027",9,46604.24
"3028",11,39149.4
"3029",9,55955.64
"3030",14,83155.58
"3031",10,75177.07
"3032",10,50111.96
"3033",13,93152.65
"3034",12,39094.33
"3035",11,78347.07
"3036",11,67990.56
"3037",12,40929.17
"3038",13,50242.59
"3039",16,68480.44
"3040",10,88113.67
"3041",16,44079.19
"3042",6,55581.94
"3043",8,64361.85
"3044",13,60989.85
"3045",13,73882.58
"3046",7,40093.25
"3047",17,38520.52
"3048",12,83008.56
"3049",20,51418.4
"3050",11,24386.06
"3051",11,48740.92
"3052",10,129194.46
"3053",6,22810.98
"3054",10,15286.12
"3055",14,41748.96
"3056",15,48598.81
"3057",9,73625.05
"3058",14,21882.04
"3059",9,25680.01
"3060",13,50080.44
"3061",13,66168.55
"3062",12,78820.58
"3063",6,22795.67
"3064",6,47940.49
"3065",11,60626.43
"3066",12,31832.76
"3067",11,27381.85
"3068",11,83522.66
"3069",9,34552.92
"3070",7,112090.02
"3071",13,100662.99
"3072",14,46952.18
"3073",10,30009.44
"3074",6,17370.94
"3075",14,74697.91
"3076",6,46005.56
"3077",16,135929.48
"3078",11,135322.94
"3079",18,30849.64
"3080",20,52039.45
"3081",17,48349.68
"3082",15,166339.63
"3083",13,121702.69
"3084",12,46162.99
"3085",5,33736.33
"3086",11,87907.04
"3087",11,27913.99
"3088",10,73490.83
"3089",13,108557.78
"3090",8,60054.78
"3091",13,41059.11
"3092",10,52695.35
"3093",16,51294.85
"3094",8,54665.59
"3095",8,57554.16
"3096",14,77119.71
"3097",12,49822.98
"3098",7,63043
"3099",11,32600.11
"3100",8,113320.9
"3101",8,55868.97
"3102",8,122754.84
"3103",8,64241.63
"3104",12,68583.34
"3105",12,96407.23
"3106",9,48938.3
"3107",12,34839.86
"3108",14,62536.81
"3109",13,67120.34
"3110",14,59936.01
"3111",9,51934.03
"3112",12,36704.72
"3113",8,34380.55
"3114",12,24749.41
"3115",12,31648.45
"3116",12,40478.27
"3117",11,74540.97
"3118",8,73120.57
"3119",13,85843.53
"3120",15,46059.25
"3121",16,45709.77
"3122",12,22874.16
"3123",15,90428.79
"3124",12,84027.2
"3125",13,29172.72
"3126",8,49309.83
"3127",11,28448.19
"3128",12,97284.64
"3129",13,46733.34
"3130",10,28279.79
"3131",13,71689.53
"3132",17,47228.17
"3133",14,56655.69
"3134",14,25657.99
"3135",9,57397.21
"3136",11,47313.27
"3137",9,51277.69
"3138",12,33254.83
"3139",18,46682.58
"3140",8,41793.39
"3141",7,48754.29
"3142",13,61407.32
"3143",8,121925.21
"3144",11,77864.38
"3145",10,47198.47
"3146",12,25724.14
"3147",8,21506.73
"3148",11,60173.42
"3149",16,80795.8
"3150",19,201341.71
"3151",20,74767.42
"3152",10,59004.07
"3153",8,50579.66
"3154",9,46839.77
"3155",16,52133.91
"3156",12,40951.01
"3157",12,62309.71
"3158",17,22410.7
"3159",12,35043.57
"3160",14,43136.99
"3161",13,53400.62
"3162",11,79189.97
"3163",10,31198.62
"3164",10,68567.94
"3165",5,62431.81
"3166",9,88954.09
"3167",9,49332.91
"3168",13,90666.59
"3169",11,45200.74
"3170",10,70262.27
"3171",8,78685
"3172",17,32320.47
"3173",13,20697.67
"3174",13,42765.73
"3175",15,57588.64
"3176",6,45822.5
"3177",15,41509.91
"3178",13,19879.22
"3179",10,21406.9
"3180",17,24249.05
"3181",9,28516.03
"3182",5,25911.34
"3183",14,47279.88
"3184",14,54284.25
"3185",8,45235.36
"3186",12,92178.74
"3187",11,113917.42
"3188",15,56633.58
"3189",6,60014.35
"3190",10,180376.81
"3191",17,43885.47
"3192",6,26713.43
"3193",14,44514.03
"3194",11,84727.16
"3195",9,42874.14
"3196",15,162228
"3197",14,22230.19
"3198",9,48104.13
"3199",17,28271.96
"3200",15,41042.58
"3201",9,32848.2
"3202",13,75225.82
"3203",9,45503.47
"3204",14,22569.42
"3205",15,110271.97
"3206",9,43447
"3207",12,46409.26
"3208",8,34767.15
"3209",7,21321.87
"3210",8,40095.7
"3211",12,48427.11
"3212",13,38402.41
"3213",17,38082.1
"3214",15,23492.65
"3215",14,93816.84
"3216",13,53054.21
"3217",7,61115.47
"3218",15,113410.83
"3219",16,23547.16
"3220",8,21424.89
"3221",7,70092.83
"3222",14,109517.36
"3223",14,51759.83
"3224",14,85768.52
"3225",12,72640.77
"3226",13,49084.56
"3227",10,59528.41
"3228",9,24551.1
"3229",17,31220.76
"3230",11,46874.73
"3231",10,60356.57
"3232",18,46977.54
"3233",19,28552.59
"3234",13,42939.64
"3235",12,73315.74
"3236",14,54139
"3237",9,33523.69
"3238",7,25678.24
"3239",10,40489.06
"3240",14,100723.61
"3241",9,36663.52
"3242",7,59559.86
"3243",16,61942.75
"3244",19,50450.64
"3245",10,164337.21
"3246",13,53802.66
"3247",17,41564.28
"3248",12,74288.94
"3249",9,54717.35
"3250",16,53253.46
"3251",13,24029.79
"3252",13,43939.32
"3253",14,38884.77
"3254",19,83368.39
"3255",8,47259.34
"3256",10,106306.6
"3257",11,91759.23
"3258",20,54303.98
"3259",7,69988.97
"3260",6,73588.18
"3261",9,66165.63
"3262",9,70666.53
"3263",16,31487.01
"3264",10,45547.09
"3265",8,50448.92
"3266",11,58020.84
"3267",11,59305.44
"3268",16,50553.88
"3269",10,43567.02
"3270",7,28843.84
"3271",14,31211.4
"3272",20,36078.74
"3273",11,74001.51
"3274",11,59320.44
"3275",10,119954.62
"3276",8,142968.35
"3277",15,28543.42
"3278",12,43714.22
"3279",14,61696.85
"3280",14,133404.39
"3281",20,20421.89
"3282",10,91874.51
"3283",5,48982.07
"3284",15,43386.76
"3285",18,72780.66
"3286",17,139806.21
"3287",20,49489.15
"3288",16,29909.73
"3289",12,38600.56
"3290",14,81296.01
"3291",12,62932.98
"3292",16,45414.21
"3293",20,47595.51
"3294",8,42243.61
"3295",18,86642.47
"3296",13,72543.73
"3297",20,47586.31
"3298",6,31694.83
"3299",8,93527.29
"3300",15,53137.59
"3301",10,47326.4
"3302",11,55943.7
"3303",16,56837.16
"3304",18,73113.17
"3305",11,111677.86
"3306",13,14967.39
"3307",16,54156.02
"3308",11,43499.25
"3309",8,84616.86
"3310",14,52125.65
"3311",11,59552.6
"3312",10,50760.97
"3313",17,43137.1
"3314",16,236222.92
"3315",10,24806.7
"3316",7,29238.37
"3317",10,60184.59
"3318",9,40950
"3319",18,54603.76
"3320",14,26883.5
"3321",17,61925.06
"3322",6,47850.17
"3323",17,19129.67
"3324",18,44310.03
"3325",12,20298.5
"3326",11,46225.62
"3327",13,48194.39
"3328",10,22121.7
"3329",8,84625.51
"3330",12,54161.22
"3331",4,45485.4
"3332",18,80207.73
"3333",11,48683
"3334",14,29893.95
"3335",14,85368.72
"3336",13,65298.05
"3337",12,29914.09
"3338",12,66296.2
"3339",13,65402.01
"3340",11,51033.19
"3341",8,73207.95
"3342",15,162341.05
"3343",16,81122.07
"3344",9,157100.36
"3345",12,112410.33
"3346",12,38902.9
"3347",13,53704.2
"3348",11,33128.87
"3349",14,56555.64
"3350",13,45989.97
"3351",6,62222.24
"3352",10,43752.01
"3353",15,39970.66
"3354",14,40958.39
"3355",12,67737.74
"3356",15,30351.75
"3357",15,31997.56
"3358",10,26839.96
"3359",6,20856.32
"3360",10,75275.54
"3361",12,84984.85
"3362",13,53880.76
"3363",8,47614.64
"3364",11,71175.23
"3365",9,37928.85
"3366",13,73072.42
"3367",9,65036.77
"3368",13,19266.41
"3369",14,60800.59
"3370",10,36958.39
"3371",17,32612.78
"3372",8,73229.61
"3373",9,64232.71
"3374",8,88891.9
"3375",13,117345.95
"3376",20,65812.23
"3377",14,28996.99
"3378",11,70949.8
"3379",13,50226.9
"3380",16,31316.56
"3381",10,47857.09
"3382",14,36672.65
"3383",13,31378.84
"3384",11,29324.68
"3385",12,48297.28
"3386",14,23067.28
"3387",11,18372.68
"3388",10,82123.12
"3389",9,48404.19
"3390",11,55092.36
"3391",6,123929.99
"3392",12,29126.79
"3393",9,138313.72
"3394",14,62946.39
"3395",10,49224.72
"3396",19,96765.12
"3397",17,45954.5
"3398",10,30157.73
"3399",20,32233.48
"3400",14,41728.56
"3401",12,22588.58
"3402",10,35267.76
"3403",12,59658.11
"3404",12,29134.86
"3405",9,66973.92
"3406",10,48745.93
"3407",11,39115.38
"3408",10,27423.23
"3409",18,43569.81
"3410",15,43485.63
"3411",12,87172.63
"3412",8,43285.33
"3413",11,75742.8
"3414",13,142614.83
"3415",8,29669.4
"3416",15,42729.98
"3417",13,73769.94
"3418",15,95704.23
"3419",8,54590.98
"3420",9,22901.1
"3421",12,40818.55
"3422",16,33187.36
"3423",13,43362.83
"3424",9,54997.42
"3425",10,41408.3
"3426",12,193276.12
"3427",9,53850.32
"3428",14,33208.78
"3429",10,48228.98
"3430",14,34421.64
"3431",14,83571.41
"3432",10,55606.55
"3433",16,27446.25
"3434",12,56626.78
"3435",9,44263.99
"3436",12,40291.18
"3437",7,68981.75
"3438",8,62917.77
"3439",12,70805.85
"3440",4,41407.15
"3441",10,63988.55
"3442",9,52652.12
"3443",13,13959.9
"3444",12,48711.01
"3445",17,39566.18
"3446",15,47921.37
"3447",13,55562.7
"3448",14,29529.53
"3449",17,30701.46
"3450",10,66505.6
"3451",16,39483.81
"3452",16,33836.61
"3453",10,53889.8
"3454",9,45420.79
"3455",9,41853.94
"3456",16,36745.85
"3457",8,56625.41
"3458",11,72379.46
"3459",12,64446.59
"3460",14,36411.17
"3461",11,21451.35
"3462",14,32843.3
"3463",6,27658.55
"3464",10,65941.95
"3465",11,72651.99
"3466",6,80143.97
"3467",10,50449.67
"3468",14,20222.15
"3469",13,191628.06
"3470",10,29845.4
"3471",12,50370.35
"3472",12,38563.2
"3473",9,37162.77
"3474",9,113838.46
"3475",9,109340.31
"3476",11,19518.1
"3477",14,25417.4
"3478",8,26249.39
"3479",13,48662.33
"3480",13,57048.09
"3481",11,65127.24
"3482",13,47248.32
"3483",7,66964.53
"3484",12,25424.23
"3485",9,18010.65
"3486",20,32905.47
"3487",15,26438.23
"3488",11,63281.24
"3489",16,19210.91
"3490",12,42400.12
"3491",15,31413.01
"3492",13,53480.56
"3493",10,52120.18
"3494",14,30309.51
"3495",15,56806.29
"3496",8,44958.94
"3497",11,82507.69
"3498",19,64813.22
"3499",13,41407.25
"3500",10,56468.92
"3501",9,44960.99
"3502",6,39240.04
"3503",14,12618.17
"3504",13,99644.2
"3505",10,43705.78
"3506",17,101874.47
"3507",9,118450.43
"3508",14,26500.81
"3509",8,69105.03
"3510",14,42461.6
"3511",17,101684.59
"3512",9,44088.52
"3513",20,56289.54
"3514",14,50989.77
"3515",11,68576.69
"3516",14,16185.17
"3517",16,50812.3
"3518",15,52306.41
"3519",13,113589.54
"3520",13,54691.85
"3521",12,45077.93
"3522",17,58044.55
"3523",12,44627.4
"3524",14,49447.41
"3525",8,44324.82
"3526",10,34301.94
"3527",12,71238.78
"3528",10,31611.47
"3529",16,32864.32
"3530",16,41784.25
"3531",13,60958.78
"3532",10,56483.79
"3533",10,49616.88
"3534",8,42622.82
"3535",14,38946.18
"3536",15,75410.91
"3537",11,37441.56
"3538",17,34353.52
"3539",10,37814.79
"3540",8,38886.56
"3541",7,40568.96
"3542",20,64574.92
"3543",19,74252.55
"3544",15,33026.31
"3545",13,34598.51
"3546",15,47143.49
"3547",9,58854.17
"3548",16,52159.23
"3549",11,52372.16
"3550",12,47248.18
"3551",8,16341.5
"3552",14,90684.24
"3553",13,85624.61
"3554",18,35792.93
"3555",10,65532.73
"3556",11,109715.81
"3557",12,54978.86
"3558",11,62992.88
"3559",12,60643.68
"3560",10,34030.55
"3561",15,83882.59
"3562",11,31152.79
"3563",11,76296.01
"3564",12,71888.84
"3565",8,40463.63
"3566",17,110194.61
"3567",12,43607.81
"3568",13,67473.7
"3569",13,34978.88
"3570",13,46037.32
"3571",14,35677.92
"3572",9,50426.42
"3573",11,26832.43
"3574",14,35480.69
"3575",12,50748.39
"3576",11,25732.59
"3577",9,87035.82
"3578",8,75837.27
"3579",12,23319.24
"3580",20,51661.86
"3581",11,45902.9
"3582",20,14879.54
"3583",11,56835.39
"3584",19,29611.29
"3585",9,19642.38
"3586",10,44342.8
"3587",9,41144.54
"3588",7,26786.06
"3589",10,58204.53
"3590",9,48646.32
"3591",9,66780.71
"3592",17,63501.07
"3593",11,38683.85
"3594",11,24639.51
"3595",14,84269.94
"3596",6,28639.09
"3597",9,37619.61
"3598",13,29708.32
"3599",8,98476.22
"3600",9,23942.2
"3601",12,84478.91
"3602",14,96402.36
"3603",15,61383.5
"3604",12,61006.37
"3605",18,31731.91
"3606",12,39855.16
"3607",13,73345.85
"3608",13,46369.71
"3609",8,115741.51
"3610",12,135953.49
"3611",10,58757.51
"3612",13,40011.49
"3613",9,56789.68
"3614",7,71921.39
"3615",16,105497.82
"3616",13,39794.71
"3617",13,45859.62
"3618",13,59242.99
"3619",15,55746.47
"3620",13,35644.88
"3621",14,53223.56
"3622",14,43398.34
"3623",12,94782.36
"3624",14,48719.57
"3625",12,24125.19
"3626",15,132257.05
"3627",10,25147.72
"3628",12,26661.29
"3629",12,57850.05
"3630",8,45061.31
"3631",9,30328.99
"3632",16,49545.31
"3633",8,43177.06
"3634",20,21322.52
"3635",11,57270.31
"3636",11,95783.98
"3637",13,74242.77
"3638",9,78776.13
"3639",9,65782.44
"3640",12,55420.36
"3641",5,46398.27
"3642",10,26680.34
"3643",9,30782.32
"3644",8,52419.36
"3645",9,20478.29
"3646",12,50422.7
"3647",5,38104.32
"3648",14,117260.5
"3649",18,93189
"3650",8,40446.06
"3651",11,62471.74
"3652",14,22274.99
"3653",17,26194.4
"3654",9,73003.95
"3655",14,53417.88
"3656",12,30805.75
"3657",13,62262.08
"3658",7,59004.93
"3659",12,49463.77
"3660",13,62406.31
"3661",7,33179.03
"3662",15,38235.89
"3663",7,35792.39
"3664",10,42395.61
"3665",13,60549.28
"3666",16,56792.54
"3667",11,15855.33
"3668",13,49208.6
"3669",10,59970.44
"3670",9,66903.23
"3671",7,130880.72
"3672",17,60821.5
"3673",8,19260.22
"3674",9,47194.74
"3675",7,22124.62
"3676",11,122657.92
"3677",11,133269.57
"3678",11,73667.66
"3679",11,31477.56
"3680",14,35863.92
"3681",12,88501.38
"3682",9,28346.71
"3683",16,58114.4
"3684",12,53808.29
"3685",16,97965.07
"3686",16,33317.67
"3687",16,39043.17
"3688",11,76630.03
"3689",14,30918.45
"3690",4,45904.8
"3691",14,55318.2
"3692",9,30848.79
"3693",12,27670.78
"3694",16,97759.23
"3695",11,46133.2
"3696",14,47809.23
"3697",11,122236.46
"3698",14,37000.42
"3699",7,94810.29
"3700",11,23515.95
"3701",9,54237.16
"3702",8,31731.84
"3703",10,25533.09
"3704",8,56805.54
"3705",15,88336.49
"3706",9,57784.59
"3707",13,33577.97
"3708",12,29533.77
"3709",13,22949.02
"3710",10,62669.88
"3711",13,42747.5
"3712",12,59769.93
"3713",16,115487.48
"3714",12,74166.7
"3715",9,15210.32
"3716",14,32533.38
"3717",12,58976.72
"3718",12,50646.74
"3719",16,45333.5
"3720",16,24388.66
"3721",9,93472.03
"3722",7,41097.06
"3723",7,47832.99
"3724",14,92466.83
"3725",7,23065.99
"3726",15,36426.46
"3727",11,46173.9
"3728",9,27455.56
"3729",7,25230.62
"3730",10,37736.33
"3731",11,37252.76
"3732",7,48629.41
"3733",15,42073.57
"3734",17,54771.87
"3735",9,103351.93
"3736",8,120796.1
"3737",8,32180.66
"3738",12,34535.17
"3739",12,48680.27
"3740",10,108742.92
"3741",10,68265.31
"3742",14,49594.32
"3743",17,32894.43
"3744",5,114076.87
"3745",9,31730.1
"3746",7,40031.76
"3747",6,27072.26
"3748",14,51639.86
"3749",17,141488.83
"3750",15,91256.6
"3751",16,55758.25
"3752",17,52914.37
"3753",14,24761.18
"3754",9,55381.63
"3755",12,95129.04
"3756",11,62724.83
"3757",13,44194.1
"3758",12,72455.8
"3759",13,47329.31
"3760",11,49486.88
"3761",10,65589.27
"3762",9,28562.18
"3763",13,55538.59
"3764",15,23591.83
"3765",13,182438.07
"3766",8,53315.23
"3767",9,24913.83
"3768",10,27635.36
"3769",13,72294.53
"3770",12,18920.19
"3771",14,31615.61
"3772",15,36727.62
"3773",9,32167.23
"3774",8,84620.45
"3775",13,37885.76
"3776",10,30661.25
"3777",13,70932.94
"3778",16,94327.1
"3779",9,108530.76
"3780",13,59069.99
"3781",11,80018.23
"3782",7,83112.97
"3783",9,31126.45
"3784",15,36244.36
"3785",13,44438.03
"3786",8,52056.95
"3787",20,39076.61
"3788",9,84576.35
"3789",16,28960.58
"3790",10,25616.89
"3791",14,87064.04
"3792",18,74991.42
"3793",12,32266.59
"3794",16,55454.91
"3795",12,43119.49
"3796",9,75483.42
"3797",11,36474.99
"3798",12,29751.08
"3799",6,114007.39
"3800",10,62136.84
"3801",7,53466.16
"3802",12,107951.29
"3803",9,39976.38
"3804",20,69749.66
"3805",13,33133.23
"3806",14,39581.68
"3807",13,101200.32
"3808",10,33486.88
"3809",15,66616.05
"3810",15,31228.15
"3811",8,81187.93
"3812",14,65459.86
"3813",7,20874.35
"3814",12,21995.04
"3815",15,73722.12
"3816",13,30914.55
"3817",11,81112.87
"3818",14,17058.84
"3819",8,180513.97
"3820",15,45936.57
"3821",12,72004.15
"3822",15,28050.61
"3823",13,101859.83
"3824",11,64557.61
"3825",9,40562.12
"3826",15,10479.53
"3827",9,34153.57
"3828",11,43952.61
"3829",8,31388.51
"3830",7,63255.04
"3831",11,15280.19
"3832",11,53455.88
"3833",15,34278.21
"3834",5,49938.06
"3835",9,33498.12
"3836",10,58271.75
"3837",12,97247.36
"3838",11,76948.71
"3839",11,26097.71
"3840",8,52682.58
"3841",10,57759.5
"3842",7,52968.72
"3843",14,97548.58
"3844",17,34893
"3845",13,41234.41
"3846",14,40838.87
"3847",13,55001.36
"3848",14,34824.23
"3849",13,40596.38
"3850",11,136913.62
"3851",13,111582.32
"3852",14,66841.71
"3853",9,42057.44
"3854",10,46272.46
"3855",10,31386.35
"3856",8,33428.9
"3857",11,89338.75
"3858",16,74718.44
"3859",9,18823.03
"3860",8,60985.22
"3861",9,144546.69
"3862",10,42537.08
"3863",13,54076.66
"3864",17,64564.62
"3865",10,47955.54
"3866",10,33578.68
"3867",14,33987.06
"3868",8,59308.8
"3869",16,29037.54
"3870",16,92994.15
"3871",20,66056.06
"3872",12,71096.31
"3873",12,56012.9
"3874",12,72482.45
"3875",15,165290.9
"3876",15,60606.33
"3877",13,41000.84
"3878",13,37591.8
"3879",15,127240.6
"3880",6,44913.8
"3881",13,58986.56
"3882",8,36310.16
"3883",18,30890.83
"3884",12,37579.01
"3885",9,59349.35
"3886",11,19299.29
"3887",12,35614.6
"3888",8,55206.37
"3889",11,32522.05
"3890",11,68256.57
"3891",13,47391.21
"3892",11,29520.62
"3893",10,72217.44
"3894",10,55346.29
"3895",10,53544.3
"3896",10,97392.98
"3897",10,24362.05
"3898",9,11329.92
"3899",15,126264.38
"3900",15,58404.26
"3901",17,53325.82
"3902",11,45754.82
"3903",9,77141.34
"3904",9,86602.21
"3905",11,24002.63
"3906",14,32055.8
"3907",20,126781.6
"3908",12,28616.96
"3909",11,38338.6
"3910",10,81568.9
"3911",11,36933.22
"3912",9,113345.68
"3913",9,39637.14
"3914",14,36529.12
"3915",20,70954.77
"3916",15,20344.92
"3917",11,49184.17
"3918",13,40060.17
"3919",12,84414.61
"3920",16,29242.23
"3921",10,38681.65
"3922",18,59955.72
"3923",9,51078.19
"3924",12,36548.91
"3925",10,25029.54
"3926",13,38677.98
"3927",7,76000.88
"3928",13,140401.5
"3929",15,54200.37
"3930",12,22691.78
"3931",8,24651.84
"3932",20,41701.83
"3933",17,49673.61
"3934",14,40506.68
"3935",14,48367.39
"3936",16,149204.81
"3937",9,28461.26
"3938",20,32386.5
"3939",10,74695.94
"3940",14,61656.25
"3941",10,57171.61
"3942",10,168434.16
"3943",15,40674.07
"3944",5,36564.42
"3945",11,103697.11
"3946",5,23950.36
"3947",14,36241.28
"3948",9,75724.53
"3949",11,50090.13
"3950",11,67574.99
"3951",11,72217.96
"3952",15,64430.21
"3953",9,70771.18
"3954",10,35824.86
"3955",15,44406
"3956",10,62761.92
"3957",11,75464.3
"3958",12,257037.18
"3959",11,66058.81
"3960",14,35688.31
"3961",11,53728.47
"3962",12,26048.58
"3963",8,72539.3
"3964",13,59486.07
"3965",9,62756.92
"3966",15,85797.02
"3967",10,58714.29
"3968",15,40076.94
"3969",16,87505.41
"3970",18,46424.77
"3971",19,26350.32
"3972",6,57478.8
"3973",13,34639.96
"3974",10,74368.98
"3975",17,115985.29
"3976",6,31138.62
"3977",10,37596.66
"3978",18,29184.35
"3979",17,25536.86
"3980",8,36263.92
"3981",15,17097.14
"3982",12,56217.16
"3983",13,59586.41
"3984",9,50163.96
"3985",9,60973.87
"3986",14,69022.09
"3987",12,34833.21
"3988",12,69738.81
"3989",10,62614.51
"3990",14,45790.93
"3991",12,85841.6
"3992",11,80133.86
"3993",14,28859.33
"3994",10,69311.71
"3995",12,13405.64
"3996",14,31512.36
"3997",12,28709.92
"3998",6,78612.57
"3999",14,88563.65
"4000",12,49235.61
"4001",11,31949.12
"4002",17,75662.43
"4003",3,49187.1
"4004",10,23611.04
"4005",10,81673.58
"4006",8,79607.23
"4007",8,56868.39
"4008",9,94918.03
"4009",12,108657.5
"4010",5,139765.94
"4011",17,84638.76
"4012",11,107961.41
"4013",15,42839.33
"4014",10,107258.24
"4015",15,30489.57
"4016",12,123531.57
"4017",9,41383.07
"4018",12,26592.86
"4019",17,31935.4
"4020",17,46819.95
"4021",15,19976.98
"4022",7,71671.84
"4023",13,93029.5
"4024",12,22074.74
"4025",10,123090.31
"4026",5,108212.65
"4027",10,42105.55
"4028",14,62543.89
"4029",10,31795.56
"4030",10,38826.32
"4031",11,57975.88
"4032",9,80328.1
"4033",16,35430.44
"4034",10,44270
"4035",14,67170.39
"4036",15,58394.89
"4037",8,45800.41
"4038",15,38341.33
"4039",15,31966.1
"4040",19,30860.16
"4041",9,67547.44
"4042",10,58922.69
"4043",14,31094.72
"4044",16,99688.23
"4045",14,12839.43
"4046",15,40638.06
"4047",17,54259.03
"4048",8,16262.26
"4049",10,95930.3
"4050",9,38125.47
"4051",8,88290.93
"4052",17,39167.48
"4053",9,23011.68
"4054",10,70133.81
"4055",12,42983.36
"4056",17,48011.07
"4057",9,43159.88
"4058",14,46785.96
"4059",16,36324.36
"4060",15,39619.47
"4061",15,41166.07
"4062",8,82997.76
"4063",14,25436.28
"4064",16,71383.68
"4065",9,48044.84
"4066",14,73523.06
"4067",17,49934.32
"4068",13,18678.3
"4069",11,22292.14
"4070",15,30586.24
"4071",6,49540.31
"4072",16,51426.82
"4073",13,41633.72
"4074",12,41274.21
"4075",9,55550.56
"4076",8,26225.86
"4077",19,37850.67
"4078",10,27447.62
"4079",16,99956.9
"4080",17,17831.08
"4081",11,18392.17
"4082",14,21766.45
"4083",12,47923.88
"4084",13,49292.36
"4085",15,39014.43
"4086",19,37592.33
"4087",10,67682.4
"4088",15,26022.48
"4089",7,48206.03
"4090",16,46599.02
"4091",12,35179.7
"4092",10,55559.22
"4093",15,74479.59
"4094",8,38717.74
"4095",15,34955.07
"4096",5,131811.07
"4097",13,46139.79
"4098",12,12415.71
"4099",10,66079.43
"4100",10,75815.8
"4101",9,46179.26
"4102",15,99172.41
"4103",11,37978.86
"4104",11,52737.88
"4105",10,30427.48
"4106",13,43285.72
"4107",14,31771.77
"4108",12,21730.03
"4109",11,48847.16
"4110",15,21976.33
"4111",9,47156.32
"4112",15,88688.83
"4113",7,39628.73
"4114",16,16719.99
"4115",12,44371.74
"4116",14,42914.1
"4117",7,33428.49
"4118",15,125976.53
"4119",11,35749.32
"4120",8,111729.25
"4121",8,39380.35
"4122",14,51982.12
"4123",13,45939.1
"4124",14,37871.55
"4125",18,32436.53
"4126",11,33480.54
"4127",13,33426.31
"4128",13,57678.01
"4129",12,41797.7
"4130",11,44776.65
"4131",11,49661.07
"4132",11,48659.89
"4133",11,27861.2
"4134",9,46803.61
"4135",15,35130.32
"4136",10,47298.62
"4137",13,33321.76
"4138",14,42003.58
"4139",15,45480.1
"4140",15,172057.22
"4141",18,20384.94
"4142",7,53674.4
"4143",13,48217.88
"4144",11,37195.47
"4145",11,34626.02
"4146",15,50070.89
"4147",12,60561.19
"4148",18,44517.08
"4149",10,25123.14
"4150",17,73797.5
"4151",10,61404.04
"4152",11,35330.64
"4153",10,69948.46
"4154",12,55842.75
"4155",13,41771.25
"4156",12,59159.2
"4157",14,41208.82
"4158",9,26374.77
"4159",6,48276.32
"4160",15,155763.12
"4161",13,54465.58
"4162",14,39430.55
"4163",14,66326.98
"4164",14,38436.39
"4165",11,26904.62
"4166",11,31789.11
"4167",14,83828.14
"4168",10,85193.48
"4169",11,39843.73
"4170",11,100817.37
"4171",6,35618.32
"4172",8,65297.22
"4173",11,15062.48
"4174",18,53907.75
"4175",11,124999.94
"4176",14,18386.98
"4177",13,32752.96
"4178",14,122465.1
"4179",13,50817.91
"4180",11,105327.97
"4181",13,60973.34
"4182",12,134306.29
"4183",12,48637.32
"4184",14,45702.35
"4185",14,17611.51
"4186",11,28386.05
"4187",10,38267.54
"4188",16,80390.21
"4189",12,45517.08
"4190",10,92417.59
"4191",8,134075.56
"4192",13,69598.65
"4193",16,56330.95
"4194",14,23747.03
"4195",12,83040.55
"4196",13,124397.18
"4197",11,42819.01
"4198",8,43992.26
"4199",6,79548.69
"4200",7,46878.81
"4201",12,22529.18
"4202",11,28639.11
"4203",13,90519.58
"4204",9,107732.31
"4205",14,43189.3
"4206",12,74184.67
"4207",9,22891.48
"4208",13,43184.13
"4209",8,41346.03
"4210",13,56215.44
"4211",8,37904.4
"4212",12,41765.83
"4213",14,52412.45
"4214",18,30715.45
"4215",8,29973.19
"4216",15,76110.94
"4217",18,30482.07
"4218",19,85872.02
"4219",7,23835.88
"4220",10,44389.14
"4221",15,16971.17
"4222",6,54275.68
"4223",16,56209.13
"4224",9,68855.58
"4225",10,30500.93
"4226",9,14608.6
"4227",18,42068.6
"4228",11,24163.91
"4229",9,43338.36
"4230",10,80081.73
"4231",16,69134.5
"4232",18,84842.74
"4233",13,61467.38
"4234",12,52145.66
"4235",16,114224.31
"4236",10,57938.45
"4237",11,65835.1
"4238",15,76815.39
"4239",12,41429.39
"4240",10,38326.81
"4241",12,25531.92
"4242",10,49909.77
"4243",18,68780.95
"4244",10,39035.99
"4245",15,61385.27
"4246",12,51479.89
"4247",16,61163.02
"4248",15,35956.73
"4249",9,41928.98
"4250",11,40042.41
"4251",12,49548.28
"4252",11,62560.09
"4253",8,42460.44
"4254",11,20915.56
"4255",15,37129.81
"4256",13,27133.72
"4257",7,34471.81
"4258",8,57092.98
"4259",15,57393.28
"4260",20,107717.32
"4261",12,44186.22
"4262",14,37438.79
"4263",18,50003.78
"4264",8,33248.46
"4265",8,67564.08
"4266",19,58014.12
"4267",11,55987.24
"4268",15,83222.52
"4269",11,109334.44
"4270",15,40606.25
"4271",18,90185.4
"4272",14,56425.83
"4273",8,111492.09
"4274",9,112637.59
"4275",12,77351.91
"4276",12,115183.06
"4277",13,48057.21
"4278",13,26258.17
"4279",14,46290.84
"4280",14,24130.11
"4281",17,56452.77
"4282",14,45465.91
"4283",11,50463.53
"4284",5,30858.7
"4285",13,55619.88
"4286",16,69941.76
"4287",12,45357.97
"4288",12,49361.15
"4289",7,38583.81
"4290",8,45966.24
"4291",18,33083.46
"4292",10,30083.48
"4293",13,53314.25
"4294",13,28480.03
"4295",7,26102.27
"4296",8,56852.55
"4297",13,66328.89
"4298",9,74516.13
"4299",14,28172.04
"4300",14,113937.99
"4301",11,45291.89
"4302",12,75997.63
"4303",10,23224.55
"4304",9,70597.84
"4305",15,60813.29
"4306",9,63025.13
"4307",16,122570.43
"4308",13,64828.06
"4309",17,71747.18
"4310",11,52127.71
"4311",19,53126.05
"4312",17,60281.01
"4313",9,65386.87
"4314",13,31913.65
"4315",9,59019.09
"4316",12,39287.4
"4317",14,25675.78
"4318",11,48148.09
"4319",15,23932.11
"4320",13,40762.24
"4321",11,55945.7
"4322",11,29016.35
"4323",7,25982.1
"4324",15,105302.46
"4325",20,58847.34
"4326",11,42026.97
"4327",12,93946.2
"4328",14,33888.45
"4329",17,64941.72
"4330",12,42378.44
"4331",11,66354.38
"4332",12,64088.43
"4333",12,73428.58
"4334",13,57067.67
"4335",9,69002.13
"4336",20,30544.25
"4337",11,86231.1
"4338",11,19909.97
"4339",12,19074.96
"4340",7,33878.98
"4341",8,51556.48
"4342",10,54744.21
"4343",12,84589.93
"4344",10,84772.31
"4345",14,37701.59
"4346",6,68690.72
"4347",13,64036.02
"4348",11,91093.61
"4349",11,50437.52
"4350",14,63307.94
"4351",11,39830.8
"4352",10,53422.31
"4353",18,34620.5
"4354",10,20318.81
"4355",15,88031.37
"4356",14,69634.08
"4357",10,43042.79
"4358",17,29099.18
"4359",7,24006.6
"4360",8,40292.85
"4361",6,63624.8
"4362",12,69972.47
"4363",10,48801.61
"4364",11,38710.84
"4365",10,105124.96
"4366",15,45981.21
"4367",14,52189.42
"4368",19,36867.09
"4369",7,60003.61
"4370",7,70052.65
"4371",17,65945.49
"4372",8,62221.23
"4373",20,96952.45
"4374",13,66017.56
"4375",11,33785.48
"4376",10,34371.5
"4377",10,36383.94
"4378",9,39182.09
"4379",12,124097.83
"4380",14,37328.75
"4381",16,50368.59
"4382",19,66558.32
"4383",9,42677.03
"4384",13,96039.58
"4385",11,25954.26
"4386",10,91297.93
"4387",12,75358.38
"4388",14,156874.02
"4389",15,46853.64
"4390",13,57434.33
"4391",15,105654.95
"4392",12,24099.11
"4393",17,47141.12
"4394",8,49481.82
"4395",14,41531.65
"4396",12,77093.62
"4397",14,42474.37
"4398",14,37186.17
"4399",9,61483.84
"4400",13,45905.38
"4401",9,59157.5
"4402",15,23063.14
"4403",6,53360.01
"4404",13,88765.58
"4405",13,33077.25
"4406",7,17651.73
"4407",16,66823.46
"4408",7,19379.58
"4409",9,43917.32
"4410",11,101685.82
"4411",12,32180.73
"4412",12,26305.54
"4413",11,55136.45
"4414",20,59670.62
"4415",10,45544.4
"4416",14,60032.57
"4417",12,57487.19
"4418",10,102273.67
"4419",9,83145.22
"4420",6,80061.01
"4421",11,36507.71
"4422",11,22587.66
"4423",14,46557.93
"4424",13,27666.72
"4425",14,85450.5
"4426",16,37855.96
"4427",10,45129.37
"4428",16,134663.27
"4429",11,52082.1
"4430",16,28743.21
"4431",7,82732.43
"4432",14,19471.86
"4433",17,91974.98
"4434",7,118278.26
"4435",10,13811.27
"4436",14,39407.6
"4437",11,48433.37
"4438",12,50467.91
"4439",12,64395.37
"4440",15,51909.52
"4441",8,42376.09
"4442",12,48765.03
"4443",10,66686.83
"4444",14,38627.74
"4445",12,33699.73
"4446",14,71436.32
"4447",12,62951.64
"4448",12,31167.74
"4449",15,96523.35
"4450",9,32325.52
"4451",11,43186.58
"4452",16,57860.12
"4453",11,54479.16
"4454",14,29539.49
"4455",16,38284.38
"4456",6,102496.11
"4457",7,30841.24
"4458",11,40977.56
"4459",19,55222.82
"4460",12,48728.47
"4461",14,37537.38
"4462",8,33860.41
"4463",7,29291.02
"4464",11,43928.6
"4465",13,81651.68
"4466",6,114687.23
"4467",7,84771.48
"4468",10,34965.1
"4469",13,87768.93
"4470",19,56858.99
"4471",8,45187.75
"4472",12,27114.87
"4473",16,47444.69
"4474",11,43480.27
"4475",13,84575.14
"4476",16,70580.9
"4477",20,89666.39
"4478",10,36099.31
"4479",5,23808.96
"4480",14,31912.12
"4481",6,42066.65
"4482",9,37019.29
"4483",19,49063.58
"4484",8,149800.47
"4485",15,15634.63
"4486",4,52091.91
"4487",12,56178.22
"4488",15,49820.97
"4489",11,38714.34
"4490",19,36850.68
"4491",5,86011.9
"4492",20,55408.22
"4493",18,69399.1
"4494",17,27495.13
"4495",17,52716.03
"4496",15,21433.42
"4497",10,52841.01
"4498",12,39427.5
"4499",16,87654.86
"4500",18,57525.49
"4501",11,86517.5
"4502",15,106861.94
"4503",16,71604.51
"4504",15,60130.62
"4505",20,45770.4
"4506",15,23361.21
"4507",12,51076.29
"4508",7,58133.85
"4509",14,49448.05
"4510",14,18417.95
"4511",14,41167.56
"4512",11,49752.21
"4513",8,44689.73
"4514",11,52421.34
"4515",11,135928.34
"4516",16,16510.16
"4517",11,28945.65
"4518",10,78595.67
"4519",8,57967.87
"4520",20,39892.15
"4521",11,27181.75
"4522",11,52184.51
"4523",14,45837.34
"4524",11,22192.88
"4525",9,32313.36
"4526",9,61074.63
"4527",10,29685.06
"4528",13,63804.63
"4529",12,69697.72
"4530",16,46558.09
"4531",14,51200.56
"4532",15,55935.73
"4533",12,65005.09
"4534",14,23859.67
"4535",11,29427.17
"4536",11,31948.99
"4537",12,80336.14
"4538",8,196040.97
"4539",11,72912.11
"4540",14,74150.09
"4541",11,17616.23
"4542",12,28118.11
"4543",7,38282.73
"4544",12,50610.77
"4545",6,39152.01
"4546",10,77387.07
"4547",10,54198.83
"4548",15,18526.35
"4549",11,44299.94
"4550",18,29267.47
"4551",5,46880.88
"4552",15,96435.2
"4553",13,32817.43
"4554",10,85328.88
"4555",14,31346.11
"4556",14,36273.78
"4557",13,56018.24
"4558",10,48097.09
"4559",11,173426.21
"4560",15,21435.61
"4561",15,52949.16
"4562",13,104918.35
"4563",9,47697.59
"4564",10,49814.97
"4565",13,77396.09
"4566",12,41530.43
"4567",9,61044.01
"4568",13,119580.34
"4569",7,58443.23
"4570",13,52758.27
"4571",12,27684.22
"4572",17,43146.89
"4573",9,33718.07
"4574",9,34499.6
"4575",13,61444.51
"4576",20,80589.95
"4577",11,27447.31
"4578",15,33413.99
"4579",8,19187.81
"4580",14,46789.29
"4581",20,89875.95
"4582",13,50231.48
"4583",18,57969.25
"4584",15,34453.24
"4585",11,24560.09
"4586",9,53538.38
"4587",13,24941
"4588",13,29175.27
"4589",16,58772.04
"4590",8,58650.27
"4591",10,51743.58
"4592",9,76023.09
"4593",19,45060.97
"4594",14,56573
"4595",14,32406.57
"4596",14,27400.8
"4597",11,53776.14
"4598",15,29520.09
"4599",16,71392.43
"4600",18,19907.39
"4601",18,79535.07
"4602",12,37825.92
"4603",10,93432.1
"4604",16,36995.26
"4605",12,49100.2
"4606",13,29008.35
"4607",11,43138.75
"4608",17,130388.89
"4609",9,134573.76
"4610",15,27773.42
"4611",10,50740.61
"4612",6,69619.16
"4613",10,115472.44
"4614",7,52814.31
"4615",6,107804.1
"4616",7,67087.13
"4617",13,37648.77
"4618",16,56772.01
"4619",7,29049.19
"4620",13,55040.79
"4621",8,57287.31
"4622",16,51626.95
"4623",13,107742.25
"4624",19,33585.22
"4625",7,137898.22
"4626",17,72485.81
"4627",12,52782.94
"4628",16,30525.35
"4629",3,19516.22
"4630",13,27094.35
"4631",15,53901.95
"4632",9,36991.12
"4633",10,27670.6
"4634",9,102894.52
"4635",13,30875.66
"4636",13,31892.7
"4637",13,35250.41
"4638",8,78184.53
"4639",17,41602.11
"4640",11,92186.59
"4641",16,58593.17
"4642",7,87830.67
"4643",18,40645.28
"4644",9,28884.32
"4645",15,17846.52
"4646",14,37589.87
"4647",6,23059.35
"4648",9,57979.49
"4649",11,40103.42
"4650",20,42125.06
"4651",15,28532.44
"4652",10,42786.26
"4653",15,20770.71
"4654",13,89213.81
"4655",11,32806.51
"4656",19,33686.26
"4657",13,54042.93
"4658",8,42239.66
"4659",12,44749.94
"4660",17,89964.12
"4661",11,19916.21
"4662",8,48374.24
"4663",11,38542.38
"4664",14,62792.9
"4665",13,57963.15
"4666",18,17998.08
"4667",15,24183.36
"4668",11,39920.99
"4669",20,122022.7
"4670",10,32165.64
"4671",14,48073.55
"4672",13,76623.07
"4673",9,196855.96
"4674",18,155626.22
"4675",10,107224.67
"4676",7,54271.08
"4677",10,30254.9
"4678",16,45146.58
"4679",15,84572.91
"4680",11,92840.78
"4681",7,45612.34
"4682",19,33151.38
"4683",10,38576.82
"4684",14,30117.23
"4685",13,216058.26
"4686",14,77948.13
"4687",12,30062.78
"4688",20,29041.98
"4689",14,88100.4
"4690",13,40996.37
"4691",14,54961.26
"4692",17,19626.59
"4693",15,42415.2
"4694",17,76823.57
"4695",10,96896.06
"4696",16,50173
"4697",7,20221.8
"4698",18,48154.03
"4699",11,56807.11
"4700",10,35750.51
"4701",12,34427.41
"4702",8,34843.21
"4703",6,131790.44
"4704",7,107672.82
"4705",11,42526.07
"4706",9,17710.96
"4707",6,32810.44
"4708",15,36394.81
"4709",11,29677.23
"4710",17,73485.33
"4711",12,41688.34
"4712",15,62533.66
"4713",9,48524.02
"4714",14,22144.72
"4715",11,58920.31
"4716",14,45892.06
"4717",14,30726.32
"4718",14,32380.03
"4719",9,52315.74
"4720",14,16652.09
"4721",17,25777.5
"4722",20,47321.94
"4723",15,38108.74
"4724",7,35860.4
"4725",6,80999.98
"4726",20,48318.52
"4727",8,64138.39
"4728",10,21958.63
"4729",14,77344.48
"4730",16,43728.32
"4731",15,38761.49
"4732",11,39010.98
"4733",11,68419.25
"4734",13,22031.62
"4735",19,15600.62
"4736",6,20705.12
"4737",16,90131.84
"4738",13,56429.88
"4739",9,81348.69
"4740",9,62756.57
"4741",10,159068.18
"4742",11,72278.01
"4743",11,50233.23
"4744",14,48612.34
"4745",15,52717.98
"4746",13,99436.65
"4747",18,122476.62
"4748",14,108420.93
"4749",13,50417.36
"4750",14,20175.21
"4751",11,23059.81
"4752",14,30211.8
"4753",18,43763.27
"4754",11,33079.87
"4755",15,26604.61
"4756",12,45203.94
"4757",9,30406.22
"4758",16,40762.82
"4759",18,167127.01
"4760",10,24365.76
"4761",13,28539.35
"4762",11,130080.84
"4763",10,38828.47
"4764",15,37073.38
"4765",9,42544.02
"4766",18,19436.22
"4767",4,146932.24
"4768",16,36920.08
"4769",5,50588.17
"4770",10,39233.92
"4771",14,75477.22
"4772",11,49441.34
"4773",9,95644.41
"4774",12,215022.55
"4775",8,28642.2
"4776",11,51136.62
"4777",13,39105.89
"4778",11,47467.6
"4779",16,45102.05
"4780",7,117165.25
"4781",11,127489.81
"4782",7,71463.53
"4783",11,59940.05
"4784",10,33829.71
"4785",18,66424.65
"4786",16,44446.7
"4787",14,32834.99
"4788",4,29864.72
"4789",8,71547.32
"4790",7,43391.88
"4791",17,28340.48
"4792",9,36438.09
"4793",6,98258.68
"4794",13,18692.08
"4795",11,70603.99
"4796",20,90082.48
"4797",10,89306.97
"4798",12,68704.22
"4799",8,22509.72
"4800",14,46084.31
"4801",11,24298.22
"4802",11,36466.69
"4803",12,54120.45
"4804",15,59770
"4805",12,90228.98
"4806",7,52432.83
"4807",15,48634.74
"4808",11,46278.92
"4809",12,48895.73
"4810",9,29860.91
"4811",9,16584.57
"4812",8,23063.14
"4813",10,77251.41
"4814",12,128348.76
"4815",15,36423.17
"4816",9,39856.65
"4817",16,44508.43
"4818",11,71469.24
"4819",6,30803.84
"4820",16,33465.81
"4821",16,42280.44
"4822",16,70762.61
"4823",14,96608.6
"4824",4,49692.18
"4825",13,63826.56
"4826",10,26928.75
"4827",14,34100.04
"4828",13,24256.66
"4829",7,28095.98
"4830",10,24019.29
"4831",7,82545.3
"4832",11,39562.39
"4833",9,60087.67
"4834",11,62026.63
"4835",14,26207.66
"4836",8,57018.28
"4837",8,89993.87
"4838",13,45090.59
"4839",12,47994.16
"4840",6,49017.92
"4841",13,41337.62
"4842",14,44753.76
"4843",13,59561.83
"4844",16,56117.69
"4845",7,35393.91
"4846",17,40061.57
"4847",9,210773.25
"4848",16,19694.43
"4849",13,80529.6
"4850",10,87128.52
"4851",8,22094.51
"4852",6,41034.44
"4853",15,26494.8
"4854",7,30156.95
"4855",14,57890.32
"4856",17,68083.71
"4857",12,41787.72
"4858",9,50098.19
"4859",15,47625.59
"4860",19,61203.53
"4861",7,16595.52
"4862",13,141246.78
"4863",8,42737.49
"4864",14,41060
"4865",8,132059.11
"4866",13,36157.2
"4867",14,61796.83
"4868",12,43655.32
"4869",20,47182.83
"4870",14,33304.59
"4871",11,68960.33
"4872",11,106605.02
"4873",14,65019.02
"4874",12,29170.96
"4875",13,28539.26
"4876",7,82674.32
"4877",17,43877.14
"4878",12,51821.91
"4879",12,50504.66
"4880",17,49002.46
"4881",11,57774.51
"4882",13,84521.38
"4883",9,22877.9
"4884",10,28967.91
"4885",11,47651.06
"4886",9,41109.3
"4887",16,128443.2
"4888",11,39249.98
"4889",3,33844.8
"4890",7,32479.27
"4891",14,27777.73
"4892",6,93092.14
"4893",12,51451.8
"4894",11,70057.83
"4895",10,34321.6
"4896",6,44826.24
"4897",7,59409.11
"4898",11,66549.96
"4899",10,57881.4
"4900",9,45569.85
"4901",12,52492.39
"4902",14,38976.19
"4903",20,72186.66
"4904",17,83357.52
"4905",20,18005.75
"4906",12,10910
"4907",11,55835.31
"4908",11,113441.94
"4909",20,52257.89
"4910",13,65239.71
"4911",15,63537.73
"4912",8,31679.86
"4913",12,57827.83
"4914",17,78470.83
"4915",10,32293.85
"4916",7,132658.02
"4917",10,54352.04
"4918",11,32803.46
"4919",12,61151.23
"4920",6,89490.01
"4921",16,49283.08
"4922",9,52355.56
"4923",12,47616.26
"4924",4,58570.08
"4925",18,33324.48
"4926",11,45856.23
"4927",11,34607.56
"4928",13,50095.52
"4929",7,27413.49
"4930",12,47885.37
"4931",7,82949.53
"4932",13,61869.61
"4933",11,46494.6
"4934",11,187711.01
"4935",11,58143.08
"4936",17,19166.49
"4937",10,65537.13
"4938",15,93856.49
"4939",12,101076.49
"4940",11,63966.52
"4941",9,80176.88
"4942",7,74297.72
"4943",15,95465.84
"4944",9,20037.68
"4945",8,33289.63
"4946",9,34014.64
"4947",12,43049.76
"4948",15,44761.13
"4949",16,40872.96
"4950",14,50436.16
"4951",13,34114.34
"4952",11,135736.25
"4953",9,58337.63
"4954",15,45053.01
"4955",7,37992.73
"4956",15,54265.24
"4957",11,42394.83
"4958",10,52694.73
"4959",9,54865.82
"4960",11,39788.67
"4961",10,91572.77
"4962",17,163364.31
"4963",17,25076.28
"4964",8,62185.1
"4965",11,38554.32
"4966",10,78458.46
"4967",17,35798.16
"4968",8,59214.8
"4969",12,33103.86
"4970",10,43113.58
"4971",13,21622.73
"4972",16,42264.01
"4973",16,141321.36
"4974",20,58644.88
"4975",10,39574.63
"4976",12,178589.58
"4977",17,79872.96
"4978",12,48758.46
"4979",18,30743.57
"4980",4,24704.8
"4981",8,68579.34
"4982",15,41672.64
"4983",15,157035.7
"4984",10,50239.97
"4985",10,45112.14
"4986",13,37946.87
"4987",12,27096.77
"4988",12,50578.23
"4989",16,19670.51
"4990",12,42837.54
"4991",4,22748.03
"4992",4,35898.38
"4993",14,113862.42
"4994",8,47417.1
"4995",12,30884.47
"4996",14,24559.9
"4997",14,27654.74
"4998",10,77246.3
"4999",11,133497.89
"5000",9,44558.78
"5001",9,44717.85
"5002",14,39599.29
"5003",9,134093.17
"5004",13,20433.57
"5005",9,77035.42
"5006",11,27761.68
"5007",6,87276.91
"5008",11,67781.78
"5009",9,70295.43
"5010",7,28291.99
"5011",13,34756.14
"5012",8,15353.21
"5013",13,32851.97
"5014",12,26414.48
"5015",10,45878.49
"5016",6,45422.15
"5017",8,33922.34
"5018",13,36459.97
"5019",10,20825.26
"5020",20,72441.86
"5021",17,57551.03
"5022",10,67352.74
"5023",14,81110.02
"5024",12,43036.69
"5025",7,125965.53
"5026",11,31623.82
"5027",14,52520.83
"5028",7,87991.78
"5029",15,64366.03
"5030",17,34186.9
"5031",19,32487.09
"5032",11,85227.14
"5033",11,41415.19
"5034",14,38164.12
"5035",9,32025.53
"5036",15,59110.14
"5037",13,107148.54
"5038",5,105738.6
"5039",16,85152.57
"5040",10,22982
"5041",12,102976.62
"5042",13,75555.27
"5043",17,115449.78
"5044",16,29241.53
"5045",15,28976.26
"5046",10,44527.03
"5047",12,42758.14
"5048",16,66987.47
"5049",12,42921.54
"5050",10,45191.83
"5051",17,29300.02
"5052",14,70604.79
"5053",15,101730.04
"5054",13,46285.39
"5055",8,42016.84
"5056",13,65310.48
"5057",16,36925.14
"5058",15,43001.77
"5059",17,27840.34
"5060",10,39278.13
"5061",9,110210.87
"5062",15,40113.9
"5063",16,76943.89
"5064",9,23985
"5065",7,89666.24
"5066",7,35391.01
"5067",9,19010.1
"5068",13,48152.39
"5069",13,29881.83
"5070",16,54597.19
"5071",12,49079.54
"5072",13,168641.04
"5073",15,66541.69
"5074",11,94861.74
"5075",9,95387.47
"5076",11,52701
"5077",13,48290.34
"5078",16,21563.14
"5079",14,69150.98
"5080",11,83282.48
"5081",7,32448.43
"5082",8,29769.74
"5083",14,79297.03
"5084",13,75202.13
"5085",12,37576.26
"5086",13,35244.01
"5087",12,39186.17
"5088",10,103991.63
"5089",14,50776.12
"5090",13,64361.2
"5091",19,55915.55
"5092",12,109527.06
"5093",12,21663.29
"5094",16,61246.12
"5095",7,54926.61
"5096",17,80111.68
"5097",12,59739.71
"5098",12,26928.56
"5099",7,29244.2
"5100",13,40560.18
"5101",17,39966.63
"5102",10,82115.42
"5103",18,82212.45
"5104",13,42206.06
"5105",13,31644.88
"5106",18,101801.47
"5107",16,113171.02
"5108",13,51403.32
"5109",9,36150.22
"5110",10,36046.94
"5111",14,60033.11
"5112",12,65349.81
"5113",10,190633.73
"5114",18,53732.79
"5115",17,64526.17
"5116",6,27371.67
"5117",14,62006.8
"5118",9,46978.25
"5119",7,99407.69
"5120",14,41001.86
"5121",15,22968.45
"5122",12,42029.83
"5123",14,32391.39
"5124",10,66460.75
"5125",10,52496.89
"5126",13,55122.53
"5127",14,102272.68
"5128",6,70775.42
"5129",10,37707.32
"5130",14,48775.68
"5131",13,43753.65
"5132",7,104721.77
"5133",14,107751.29
"5134",11,30434.26
"5135",12,24840.98
"5136",10,104214.76
"5137",13,47111.91
"5138",13,21945.36
"5139",15,56760.74
"5140",9,32274.56
"5141",12,33827.07
"5142",7,54196.56
"5143",9,23724.94
"5144",13,59502.4
"5145",12,32864.52
"5146",17,60747.9
"5147",9,103578.28
"5148",15,38500.76
"5149",6,84730.19
"5150",5,31475.31
"5151",8,31464.27
"5152",20,50490.64
"5153",13,41425.34
"5154",11,26518.32
"5155",20,31751.93
"5156",12,117233.41
"5157",6,40275.2
"5158",12,17940.27
"5159",8,59935.11
"5160",10,32105.35
"5161",18,22624.07
"5162",12,49023.6
"5163",11,16646.28
"5164",9,14897.56
"5165",14,26309.94
"5166",12,89224.06
"5167",6,30426.19
"5168",10,42990.44
"5169",12,53628.06
"5170",12,34211.96
"5171",10,53574.93
"5172",11,19286.65
"5173",12,52366.42
"5174",15,37538.31
"5175",12,68599.8
"5176",14,35892.26
"5177",17,45323.44
"5178",10,77539.95
"5179",14,27327.27
"5180",9,37788.2
"5181",17,37659.08
"5182",18,21025.18
"5183",7,72373.64
"5184",12,23136.43
"5185",13,84797.75
"5186",18,26189.63
"5187",6,135095.85
"5188",11,80214.78
"5189",11,66131.48
"5190",10,72759.41
"5191",9,89535.12
"5192",17,38267.72
"5193",12,27843.6
"5194",17,33297.03
"5195",13,9051.99
"5196",11,31894.45
"5197",11,38052.35
"5198",15,44256.88
"5199",7,55935.6
"5200",12,42348.11
"5201",12,33480.41
"5202",13,60032.31
"5203",12,86849.78
"5204",9,90324.36
"5205",7,62705.55
"5206",11,96756.93
"5207",16,38484.06
"5208",6,84490.26
"5209",12,41966.75
"5210",9,46849.3
"5211",13,39096.15
"5212",8,29144.31
"5213",8,51464.08
"5214",17,79102.33
"5215",9,34057.63
"5216",16,77624.1
"5217",14,37085.78
"5218",10,27756.05
"5219",16,46785.02
"5220",18,29235.38
"5221",15,41255.25
"5222",12,22911.02
"5223",17,32461.29
"5224",14,71787.51
"5225",17,47388.8
"5226",11,44656.16
"5227",12,62435.22
"5228",11,71168.19
"5229",15,64632.32
"5230",9,19756.59
"5231",11,63848.7
"5232",11,41913.8
"5233",12,75101.3
"5234",15,47929.61
"5235",11,39899.92
"5236",11,43597.09
"5237",12,164217.56
"5238",10,62667.55
"5239",10,125778.96
"5240",11,36722.02
"5241",14,24362.42
"5242",17,34080.57
"5243",10,50820.43
"5244",9,46233
"5245",16,76983.82
"5246",10,31717.17
"5247",15,38670.94
"5248",16,32287.46
"5249",7,101501.25
"5250",9,45857.55
"5251",12,34301.4
"5252",18,91948.72
"5253",15,45228.6
"5254",10,101785.6
"5255",6,26839.47
"5256",12,103932.28
"5257",11,51079.07
"5258",11,34013.48
"5259",14,25669.07
"5260",13,178845.31
"5261",10,30859.56
"5262",16,35348.88
"5263",8,34312.3
"5264",10,82204.9
"5265",8,58474.01
"5266",14,33713.48
"5267",15,47836.95
"5268",13,91528.99
"5269",9,42789.59
"5270",15,77242.96
"5271",11,32929.46
"5272",17,72554.66
"5273",9,58666.68
"5274",8,96589.39
"5275",15,104014.23
"5276",11,45528.89
"5277",6,42367.7
"5278",17,79975.07
"5279",14,74788.56
"5280",6,28570.07
"5281",14,68822.84
"5282",13,42411.7
"5283",9,32052.18
"5284",13,77906.71
"5285",15,13919.71
"5286",14,37976.87
"5287",10,65634.85
"5288",14,82984.35
"5289",16,33663.45
"5290",7,42314.37
"5291",17,65953.88
"5292",14,86784.41
"5293",14,36409.45
"5294",12,47858.59
"5295",8,61242
"5296",8,28132.18
"5297",11,58827.37
"5298",15,28714.54
"5299",11,49900.87
"5300",10,86621.68
"5301",17,33931.56
"5302",11,64944.53
"5303",9,64004.69
"5304",9,38127.66
"5305",8,72208.49
"5306",18,38643.64
"5307",13,71339.55
"5308",14,69212.72
"5309",15,36602.91
"5310",9,36039.88
"5311",8,57748.56
"5312",9,30430.96
"5313",20,30053.37
"5314",12,85509.06
"5315",19,87732.14
"5316",10,41620.84
"5317",8,76205.18
"5318",12,53765.29
"5319",11,56321.15
"5320",8,47559.58
"5321",10,102317.15
"5322",8,22355.79
"5323",18,98762.47
"5324",17,71626.63
"5325",9,58589.51
"5326",9,69160.29
"5327",9,29661.08
"5328",16,47455.63
"5329",15,39679.65
"5330",10,63251.32
"5331",11,109872.98
"5332",10,19120.15
"5333",11,88264.85
"5334",11,55355.42
"5335",14,59506.97
"5336",11,33265.16
"5337",9,32412.42
"5338",9,30141.54
"5339",11,168160.4
"5340",12,116476.96
"5341",15,46822.35
"5342",11,114035.91
"5343",11,22580.07
"5344",13,82747.1
"5345",9,40448.73
"5346",7,137474.05
"5347",12,82673.97
"5348",10,20581.69
"5349",8,85068.2
"5350",8,22405.84
"5351",15,134303.92
"5352",16,20272.88
"5353",14,27703.18
"5354",7,54087.49
"5355",13,35383.37
"5356",13,60349.34
"5357",8,26452.91
"5358",12,23993.4
"5359",10,69017.47
"5360",11,40069.22
"5361",10,42171.14
"5362",13,76229.62
"5363",7,28354.53
"5364",11,43925.64
"5365",11,26381.76
"5366",15,102810.06
"5367",9,63248.31
"5368",14,51269.53
"5369",8,75810.98
"5370",11,96306.97
"5371",12,38856.28
"5372",15,41604.92
"5373",13,55363.16
"5374",13,77235.36
"5375",11,57779.48
"5376",12,54059.96
"5377",12,45494.32
"5378",13,37506.96
"5379",11,37192.32
"5380",10,36312.05
"5381",11,33409.52
"5382",10,45203.93
"5383",17,15087.06
"5384",8,58275.05
"5385",18,30585.67
"5386",12,46698.79
"5387",7,49696.46
"5388",9,221698
"5389",11,60260.55
"5390",15,80578.95
"5391",14,103028.06
"5392",16,64703.83
"5393",16,40874.81
"5394",15,37789.71
"5395",13,31278.95
"5396",12,38802.21
"5397",12,67583.65
"5398",13,18830.14
"5399",8,135000.95
"5400",10,55823.23
"5401",11,38800.85
"5402",13,29534.39
"5403",9,68050.98
"5404",15,21740.79
"5405",17,62923.7
"5406",16,37144.02
"5407",1,68103.4
"5408",5,55849.9
"5409",11,46251.48
"5410",11,41628.06
"5411",11,38498.68
"5412",15,64264.41
"5413",6,28316.08
"5414",12,46684.51
"5415",14,34749.31
"5416",11,26135.2
"5417",9,34686.48
"5418",16,34554.29
"5419",15,96310.35
"5420",13,30205.82
"5421",6,72787.19
"5422",10,114598.63
"5423",10,20282
"5424",13,15400.85
"5425",7,71812.28
"5426",8,71700.29
"5427",11,168865.97
"5428",11,34163.21
"5429",12,50718.78
"5430",11,25717.3
"5431",17,54597.07
"5432",12,43338.39
"5433",3,95076.69
"5434",8,86552.44
"5435",9,56888.52
"5436",10,80298.55
"5437",12,42269.88
"5438",14,76326.1
"5439",14,32900.86
"5440",10,80420.74
"5441",7,33632.85
"5442",8,25979.04
"5443",9,54830.98
"5444",6,53217.68
"5445",11,80444.1
"5446",13,81325.79
"5447",16,93001.98
"5448",8,53618.3
"5449",20,83133.6
"5450",10,30713.39
"5451",16,62534.79
"5452",9,47548.05
"5453",9,50403.68
"5454",8,38173.3
"5455",10,23816.49
"5456",7,64032.81
"5457",12,75032.11
"5458",10,58060.37
"5459",13,81949.11
"5460",12,191429.63
"5461",10,170736.39
"5462",17,54190.27
"5463",14,36675.51
"5464",16,46264.02
"5465",11,28382.51
"5466",10,55618.29
"5467",16,60734.4
"5468",10,27832.4
"5469",8,52699.27
"5470",15,77060.69
"5471",12,51958.02
"5472",13,38564.55
"5473",15,80259.17
"5474",8,26568.41
"5475",7,59659.79
"5476",7,53240.82
"5477",16,52183.06
"5478",7,16712
"5479",12,68264
"5480",9,50416.1
"5481",14,60199.03
"5482",19,34840.56
"5483",9,18677.92
"5484",12,67940.89
"5485",10,36737.71
"5486",15,21503.92
"5487",19,129614.49
"5488",11,69980.6
"5489",10,55081.49
"5490",13,88411.72
"5491",14,21844.85
"5492",11,64913.48
"5493",16,51526.87
"5494",12,48935.63
"5495",15,64867.06
"5496",20,58641.63
"5497",10,60459.97
"5498",11,39800.91
"5499",10,49760.02
"5500",10,27065.3
"5501",8,54753.64
"5502",7,49233.59
"5503",5,35585.86
"5504",11,38333.27
"5505",15,54810.8
"5506",16,56836.99
"5507",8,50576.39
"5508",11,45537.54
"5509",6,68524.3
"5510",8,48970.15
"5511",17,72775.66
"5512",18,26632.74
"5513",11,41674.11
"5514",12,165747.44
"5515",19,50139.2
"5516",9,67821.27
"5517",12,168263.86
"5518",10,55100.6
"5519",10,59217.99
"5520",10,47924.21
"5521",12,89108.1
"5522",8,20644.58
"5523",16,41407.24
"5524",13,38479.71
"5525",8,79947.55
"5526",8,37580.79
"5527",13,135471.97
"5528",9,34101.43
"5529",13,54651.11
"5530",11,54378.38
"5531",14,32367.91
"5532",6,46928.21
"5533",12,94435.56
"5534",13,64237.71
"5535",9,72816.94
"5536",9,61392.59
"5537",12,39580.81
"5538",15,54512.14
"5539",11,30565.67
"5540",12,52317.84
"5541",11,40575.57
"5542",19,189291.08
"5543",11,63754.53
"5544",8,101584.01
"5545",12,35642.56
"5546",18,51483.6
"5547",11,60034.32
"5548",11,61072.3
"5549",17,57007.3
"5550",12,99866.54
"5551",13,59415.37
"5552",16,21292.57
"5553",12,102255.69
"5554",8,42541.87
"5555",8,32755
"5556",14,59612.93
"5557",13,65335.7
"5558",10,54628.91
"5559",11,41252.77
"5560",8,88422.36
"5561",7,110798.16
"5562",12,57508.04
"5563",12,71651.73
"5564",16,48869.51
"5565",14,19194.52
"5566",8,32090.54
"5567",12,21996.32
"5568",8,87785.69
"5569",13,52296.58
"5570",12,59623.09
"5571",7,27720.47
"5572",14,69220.75
"5573",6,129514.36
"5574",5,38750.05
"5575",10,64594.7
"5576",15,35443.32
"5577",19,52373.14
"5578",9,31911.52
"5579",14,40757.28
"5580",14,97813.43
"5581",11,49256.57
"5582",12,50307.1
"5583",15,16828.2
"5584",11,36030.25
"5585",11,33738.34
"5586",12,34398.33
"5587",12,69401.94
"5588",12,92344.51
"5589",9,21954.77
"5590",11,57355.3
"5591",15,18119.44
"5592",9,28389.43
"5593",15,69234.74
"5594",9,49821.91
"5595",13,27356.62
"5596",9,14998.16
"5597",10,68868.38
"5598",9,66971.05
"5599",15,132613.59
"5600",15,98046.57
"5601",9,43891.11
"5602",8,46649.84
"5603",12,45482.76
"5604",5,41170.03
"5605",13,18766.73
"5606",10,63062.66
"5607",9,75552.11
"5608",6,32994.43
"5609",15,38133.46
"5610",11,47419.48
"5611",14,24482.36
"5612",9,35392.75
"5613",6,31436.45
"5614",16,33489.85
"5615",11,64774.18
"5616",16,69221.65
"5617",13,51601.44
"5618",17,41618.99
"5619",11,45438.66
"5620",12,150506.24
"5621",12,46376.7
"5622",12,40746.37
"5623",16,45707.71
"5624",5,38320.86
"5625",16,55501.7
"5626",10,81024.23
"5627",15,54345.58
"5628",10,37556.34
"5629",16,58175.06
"5630",11,35540.39
"5631",11,32238.29
"5632",14,70220.18
"5633",14,74784.38
"5634",16,47044.72
"5635",13,31694.07
"5636",15,81449.64
"5637",14,73026.1
"5638",10,119271.62
"5639",16,57117.52
"5640",8,92367.57
"5641",11,24037.31
"5642",16,82769.59
"5643",15,27252.38
"5644",12,37740.75
"5645",5,64051.62
"5646",9,55824.18
"5647",14,29577.91
"5648",7,44517.49
"5649",11,53383.77
"5650",18,37198.91
"5651",16,53574.8
"5652",12,33700.26
"5653",12,61024.97
"5654",12,73922.94
"5655",15,75317.73
"5656",10,32267.06
"5657",10,56351.91
"5658",8,38072.8
"5659",11,33390.74
"5660",18,34326.99
"5661",10,44646.55
"5662",15,61024.91
"5663",11,27208.23
"5664",13,60690.29
"5665",19,21889.4
"5666",13,55936.97
"5667",9,44059.2
"5668",14,28002.79
"5669",12,58884.12
"5670",10,34179.52
"5671",11,71753.86
"5672",19,27080.86
"5673",15,15230.01
"5674",15,45542.56
"5675",17,54275.9
"5676",6,62877.75
"5677",10,86297.53
"5678",9,192654.86
"5679",10,132125.86
"5680",15,61658.64
"5681",12,46282.35
"5682",8,136680.88
"5683",8,67079.81
"5684",9,36216.41
"5685",10,69976.19
"5686",5,53916.35
"5687",8,44513.01
"5688",13,32537.22
"5689",15,27226.9
"5690",9,57148.56
"5691",8,36534.43
"5692",14,24191.64
"5693",10,25048.75
"5694",9,41484.32
"5695",15,103151.39
"5696",13,28388.81
"5697",19,57134.58
"5698",12,33984.89
"5699",11,19826.15
"5700",10,34043.38
"5701",11,37937.72
"5702",13,49933.02
"5703",14,55727.57
"5704",11,68142.44
"5705",20,40471.93
"5706",9,102431.85
"5707",12,60717.63
"5708",7,33486.81
"5709",18,49816.42
"5710",13,45901.46
"5711",9,91310.48
"5712",10,34343.03
"5713",15,57417.23
"5714",10,43633.95
"5715",10,59075.38
"5716",15,94765.64
"5717",16,75506.92
"5718",10,120166.32
"5719",11,27256.33
"5720",9,23184.68
"5721",11,56959.27
"5722",10,52795.35
"5723",11,97351.36
"5724",13,30115.69
"5725",14,52678.22
"5726",16,64233
"5727",8,40300.57
"5728",12,22501.17
"5729",10,37307.89
"5730",16,62030.94
"5731",14,82967.58
"5732",16,31143.26
"5733",14,68598.67
"5734",9,57651.17
"5735",14,76911.84
"5736",10,48044.79
"5737",8,190470.12
"5738",12,52851
"5739",12,90773.31
"5740",9,30139.88
"5741",11,70242.77
"5742",7,44300.31
"5743",18,54747.9
"5744",14,42307.69
"5745",18,34680.36
"5746",11,54067.37
"5747",11,30843.22
"5748",15,35108.32
"5749",13,53890.35
"5750",14,54396.12
"5751",11,24110.53
"5752",11,25856.86
"5753",12,24043.92
"5754",12,90226.05
"5755",14,24130.09
"5756",10,70328.56
"5757",8,55805.31
"5758",8,110308.21
"5759",12,46852.95
"5760",19,23804.8
"5761",13,63909.03
"5762",12,120388.36
"5763",14,48968.64
"5764",11,62326.71
"5765",18,35677.87
"5766",17,20531.09
"5767",16,16536.56
"5768",16,78109.03
"5769",19,99256.31
"5770",13,38528.95
"5771",10,44082.71
"5772",7,41192.58
"5773",17,63855.63
"5774",20,141127.43
"5775",11,115703.76
"5776",16,116239.67
"5777",14,46917.4
"5778",12,108961.04
"5779",11,31300.2
"5780",8,38024.69
"5781",10,36484.89
"5782",12,51452.4
"5783",16,102622.87
"5784",10,38585.09
"5785",14,80443.77
"5786",9,78030.63
"5787",10,33216.68
"5788",11,20807.06
"5789",17,57462.6
"5790",10,22437.96
"5791",8,42588.03
"5792",20,27084.62
"5793",10,33909.47
"5794",13,52243.28
"5795",9,39911.63
"5796",18,58561.57
"5797",14,166510.29
"5798",7,96167.02
"5799",11,29758.87
"5800",13,84100.01
"5801",5,47758.02
"5802",15,48206.04
"5803",11,62940.92
"5804",6,41864.35
"5805",12,41207.94
"5806",9,36917.76
"5807",18,54154.04
"5808",7,30005.71
"5809",19,73134.99
"5810",18,71708.54
"5811",11,50112.94
"5812",20,64880.96
"5813",11,47955.08
"5814",16,69054.76
"5815",8,103420.02
"5816",18,22121.2
"5817",12,43971.43
"5818",15,62547.19
"5819",9,30685.8
"5820",11,38258.94
"5821",5,44354.26
"5822",11,87236.98
"5823",13,51500.84
"5824",9,21252.47
"5825",11,69379.39
"5826",16,50625.84
"5827",12,44697.98
"5828",11,52192.91
"5829",13,51987.79
"5830",11,71405.85
"5831",8,19730.13
"5832",11,42667.79
"5833",17,16113.76
"5834",11,47398.14
"5835",9,51096.62
"5836",13,48641.49
"5837",12,59901.91
"5838",8,36569.84
"5839",16,53373.59
"5840",9,47058.31
"5841",11,107335.32
"5842",11,45237.29
"5843",11,30866.42
"5844",9,22965.91
"5845",14,54431.5
"5846",10,51171.32
"5847",9,66465.45
"5848",12,51594.28
"5849",17,20008.22
"5850",17,46062.55
"5851",10,106134.33
"5852",13,48885.6
"5853",13,50235.57
"5854",5,84322.98
"5855",14,39279
"5856",9,93481.24
"5857",8,57832.85
"5858",16,36790.58
"5859",7,38114.75
"5860",20,55460.4
"5861",10,41920.78
"5862",15,41746.28
"5863",14,40664.18
"5864",14,77170.03
"5865",15,41512.23
"5866",9,44597.36
"5867",9,22903.71
"5868",14,39573.12
"5869",10,54345.75
"5870",9,81678.23
"5871",10,74175.71
"5872",5,80539.89
"5873",15,31647.24
"5874",11,43609.48
"5875",13,167539.49
"5876",13,39118.42
"5877",8,41142.75
"5878",14,64135.97
"5879",14,66814.66
"5880",10,35043.31
"5881",9,26961.68
"5882",13,35700.41
"5883",15,51196.58
"5884",15,25880.86
"5885",14,50269.23
"5886",11,77772.3
"5887",10,70460.16
"5888",9,50062.01
"5889",14,18883.55
"5890",11,92549.71
"5891",11,77812.99
"5892",14,38647.31
"5893",11,95122.22
"5894",18,61013.15
"5895",17,55444.3
"5896",12,48186.58
"5897",10,87081.05
"5898",14,45181.07
"5899",17,63098.17
"5900",12,38625.01
"5901",13,70082.97
"5902",8,49692.84
"5903",12,41628.8
"5904",15,21160.62
"5905",7,22692.52
"5906",12,43091.43
"5907",13,29378.89
"5908",8,76242.74
"5909",12,58405.7
"5910",14,36547.72
"5911",9,40516.5
"5912",11,56010.09
"5913",17,40875.16
"5914",10,64196.04
"5915",16,50923.32
"5916",14,62319.66
"5917",19,48319.27
"5918",16,91373.08
"5919",14,104908.91
"5920",14,52767.65
"5921",13,39644.53
"5922",14,56653.17
"5923",14,23055.81
"5924",16,66918.57
"5925",11,41175.53
"5926",18,47602.09
"5927",11,69770.99
"5928",7,71899.31
"5929",10,52627.86
"5930",20,48263.17
"5931",16,20012.19
"5932",14,99160.04
"5933",9,66869.42
"5934",13,162274.61
"5935",12,43471.06
"5936",13,77030.27
"5937",11,43630.79
"5938",14,34241.4
"5939",14,42563.52
"5940",14,71403.95
"5941",11,36542.29
"5942",11,73350.36
"5943",7,65033.21
"5944",12,95020.76
"5945",14,21968.07
"5946",8,106357.87
"5947",12,15694.68
"5948",10,62961.96
"5949",12,55199.25
"5950",11,57866.09
"5951",8,31415.39
"5952",16,87483.71
"5953",18,54817.87
"5954",7,38435.82
"5955",16,29334.25
"5956",17,54686.24
"5957",8,47382.6
"5958",16,94525.34
"5959",7,31208.36
"5960",11,78082.18
"5961",15,60136.89
"5962",14,29043.71
"5963",9,51032.4
"5964",9,49346.55
"5965",20,113219.87
"5966",7,58205.69
"5967",9,38708.19
"5968",7,82045.63
"5969",11,46606.67
"5970",20,22038.37
"5971",10,69959.84
"5972",15,61559.11
"5973",11,97683.15
"5974",11,44471.55
"5975",15,53741.29
"5976",13,31009.89
"5977",11,58618.19
"5978",12,42609.44
"5979",7,30257.14
"5980",9,48911.67
"5981",11,35369.23
"5982",10,25604.85
"5983",16,33989.19
"5984",14,34079.6
"5985",16,98120.9
"5986",14,59847.39
"5987",13,59850.65
"5988",14,52616.13
"5989",9,37709.17
"5990",9,21760.72
"5991",18,119392.35
"5992",14,119780.32
"5993",17,58740.58
"5994",12,43118.47
"5995",9,48685.23
"5996",15,89315.26
"5997",19,31134
"5998",13,58912.49
"5999",11,60285.01
"6000",20,13090.37
"6001",11,39182.69
"6002",9,41426.67
"6003",10,35356.25
"6004",14,24018.03
"6005",14,63179.88
"6006",9,34221.87
"6007",9,107966.33
"6008",8,83820.8
"6009",14,163384.41
"6010",12,55758.48
"6011",9,41624.93
"6012",12,43989.43
"6013",12,61590.75
"6014",9,90690.48
"6015",10,60459.71
"6016",9,28710.81
"6017",9,42696.89
"6018",10,66328.47
"6019",7,93648.09
"6020",9,18855.94
"6021",9,31522.86
"6022",12,42569.6
"6023",13,44663.36
"6024",12,48174.45
"6025",18,83404.27
"6026",12,151515.53
"6027",11,46136.62
"6028",10,30699.81
"6029",14,56948.72
"6030",8,41729.87
"6031",10,52632.89
"6032",14,45653.34
"6033",8,34215.03
"6034",14,34482.95
"6035",6,21301.3
"6036",18,39446.26
"6037",10,53786.16
"6038",13,50407.81
"6039",13,65397.18
"6040",7,78346.46
"6041",9,98190.4
"6042",11,93616.25
"6043",15,60416.58
"6044",6,54099.86
"6045",7,38620.48
"6046",11,38564.95
"6047",10,50371.28
"6048",11,34915.59
"6049",12,44725.15
"6050",20,33348.57
"6051",5,55319.35
"6052",12,57569.42
"6053",10,30235.31
"6054",16,18815.88
"6055",12,9619.2
"6056",11,142219.53
"6057",14,32372.02
"6058",19,63154.59
"6059",13,70273.52
"6060",16,40328.41
"6061",9,39616.28
"6062",14,38622.67
"6063",9,22896.5
"6064",12,32152.08
"6065",14,29335.44
"6066",20,38923.36
"6067",9,40493.59
"6068",10,49331.86
"6069",9,44687.62
"6070",15,60403.05
"6071",11,44758.32
"6072",13,53226.29
"6073",9,57739.12
"6074",8,37120.35
"6075",14,96468.7
"6076",8,60228.14
"6077",18,50996.33
"6078",12,63228.25
"6079",9,26665.73
"6080",7,56907.99
"6081",16,76568.64
"6082",11,29345.5
"6083",16,31293.31
"6084",16,33131.53
"6085",16,94877.67
"6086",18,43928.6
"6087",11,126389.26
"6088",13,28944.23
"6089",20,28622.24
"6090",9,27859.78
"6091",14,37019.55
"6092",15,38020.1
"6093",11,74518.6
"6094",7,44343.05
"6095",11,50467.72
"6096",13,54595.89
"6097",9,42236.94
"6098",12,44022.98
"6099",11,145836.2
"6100",9,42600.05
"6101",18,131050.72
"6102",13,53756.7
"6103",7,28510.9
"6104",10,15992.24
"6105",9,46477.69
"6106",11,59511.82
"6107",16,80865.74
"6108",18,62457.08
"6109",15,40457.59
"6110",11,25223.11
"6111",15,64748.33
"6112",9,80800.31
"6113",4,17784.88
"6114",11,35945.9
"6115",9,36522.05
"6116",7,56559.95
"6117",15,50592.51
"6118",10,59541.7
"6119",10,113744.6
"6120",11,58326.51
"6121",16,128852.19
"6122",14,38930.42
"6123",13,71731.66
"6124",15,92810.91
"6125",8,118160.88
"6126",16,67235.89
"6127",19,60882.8
"6128",11,24480.06
"6129",14,58763.22
"6130",10,135782.48
"6131",7,40645.5
"6132",10,23349.55
"6133",8,79674.04
"6134",16,41731.24
"6135",14,18550.63
"6136",12,33867.07
"6137",12,14409.07
"6138",15,38963.24
"6139",9,45021.27
"6140",10,44095.64
"6141",15,85509.97
"6142",9,70433.93
"6143",8,111793.46
"6144",14,116811.58
"6145",10,43182.95
"6146",16,68549.19
"6147",11,69451.43
"6148",14,50569.62
"6149",11,33234.72
"6150",14,84052.26
"6151",12,29583.94
"6152",19,59430.43
"6153",11,50203.24
"6154",17,59855.82
"6155",11,37462.07
"6156",15,66212.95
"6157",10,63519.99
"6158",15,51523.25
"6159",12,36268.34
"6160",14,52954.37
"6161",5,38597.22
"6162",11,25715.6
"6163",16,31415.99
"6164",9,31436.3
"6165",8,27109.22
"6166",10,42328.86
"6167",10,55493.73
"6168",12,29448.57
"6169",11,92587.72
"6170",8,16376.41
"6171",18,31857.89
"6172",13,76273.21
"6173",14,90040.01
"6174",9,59761.62
"6175",7,45157.12
"6176",8,96154.02
"6177",19,29770.48
"6178",14,43225.35
"6179",14,23671.83
"6180",13,59616.9
"6181",6,42199.67
"6182",15,68837.13
"6183",7,77787.06
"6184",11,88677.61
"6185",15,51243.75
"6186",14,46331.31
"6187",12,62139.82
"6188",8,88166.4
"6189",9,75994.21
"6190",10,42580.06
"6191",18,22587.54
"6192",13,51980.74
"6193",11,96932.82
"6194",16,89944.83
"6195",10,38089.79
"6196",13,25490.12
"6197",14,135995.36
"6198",10,85396.63
"6199",17,33447.49
"6200",13,47163.53
"6201",20,45135.83
"6202",5,55326.24
"6203",12,78336.31
"6204",15,34088.55
"6205",20,48774.66
"6206",13,36452.28
"6207",15,81044.14
"6208",15,116540.13
"6209",18,36664.99
"6210",7,40076.73
"6211",9,64496.97
"6212",20,108298.74
"6213",9,66546.46
"6214",12,55648.77
"6215",5,28300.63
"6216",6,12338.44
"6217",18,23859.73
"6218",11,18610.21
"6219",13,60744.92
"6220",9,50035.29
"6221",10,49049.81
"6222",18,74195.25
"6223",10,46299.47
"6224",10,98095.45
"6225",11,36278.39
"6226",13,50904.47
"6227",11,47185.82
"6228",14,23616.17
"6229",8,95901.4
"6230",7,21507.41
"6231",10,143140.46
"6232",6,39657.26
"6233",14,48369.09
"6234",12,55949.37
"6235",13,37034.68
"6236",14,108690
"6237",17,42695.39
"6238",11,67066.97
"6239",10,41096.88
"6240",9,24217.79
"6241",9,22065.32
"6242",15,19617.72
"6243",7,83951.27
"6244",9,40945.06
"6245",13,55737
"6246",14,42361.6
"6247",11,50753.63
"6248",12,94277.42
"6249",7,75528.51
"6250",12,97809.71
"6251",14,68858.03
"6252",11,78659.15
"6253",7,27391.17
"6254",15,31731.56
"6255",5,31825.86
"6256",18,26466.08
"6257",12,36941.22
"6258",14,48915.78
"6259",15,43257.83
"6260",20,86222.92
"6261",12,63517.79
"6262",7,33913.98
"6263",8,38984.2
"6264",11,87834.73
"6265",12,21773.02
"6266",11,41775.64
"6267",14,41047.01
"6268",12,36686.07
"6269",17,50258.59
"6270",10,22214.25
"6271",15,27363.24
"6272",12,84003.02
"6273",19,96138.44
"6274",12,25803.46
"6275",12,35149.49
"6276",10,64469.3
"6277",11,67843.91
"6278",7,23908.64
"6279",9,73064.32
"6280",11,116516.98
"6281",8,43122.13
"6282",4,32994.83
"6283",16,59201.06
"6284",12,104186.88
"6285",7,71271.88
"6286",11,33243.96
"6287",11,39474.6
"6288",15,36502.8
"6289",9,35249.17
"6290",10,49141.04
"6291",12,57769.93
"6292",11,38385.26
"6293",11,35150.88
"6294",14,34348.76
"6295",18,30880.16
"6296",11,40356.67
"6297",10,42244.67
"6298",14,77942.1
"6299",11,61837.1
"6300",18,181926.9
"6301",13,42196
"6302",11,41533.04
"6303",12,29041.83
"6304",14,54719.81
"6305",14,54972.14
"6306",12,34778.79
"6307",16,26762.25
"6308",10,101963.22
"6309",12,318524.16
"6310",10,45503.9
"6311",6,50519.05
"6312",6,55294.02
"6313",12,55195.82
"6314",7,68389.09
"6315",13,41038.28
"6316",14,15354.54
"6317",8,85099.35
"6318",17,56121.63
"6319",7,55271.61
"6320",8,28798.46
"6321",13,50224.42
"6322",12,49025.83
"6323",3,54952.69
"6324",11,54070.86
"6325",7,32796.43
"6326",12,64845.74
"6327",18,52712.09
"6328",14,44938.62
"6329",11,42198.55
"6330",11,96875.43
"6331",11,39902.78
"6332",7,53799.78
"6333",14,63012.97
"6334",4,75326.79
"6335",13,71822.32
"6336",12,39548.96
"6337",10,40977.93
"6338",14,82406.65
"6339",13,45690.49
"6340",13,76078.85
"6341",15,18802.85
"6342",10,62086.61
"6343",6,48530.32
"6344",12,56604.97
"6345",11,35110.98
"6346",12,15774.94
"6347",18,73031.03
"6348",15,20808.68
"6349",19,32003.58
"6350",10,44198.29
"6351",10,49103.42
"6352",10,45763.2
"6353",14,50256.79
"6354",18,80173.31
"6355",13,44876.15
"6356",10,63674.8
"6357",13,14700.41
"6358",10,53010.05
"6359",11,48669.65
"6360",8,63913.89
"6361",13,37805.15
"6362",11,86553.96
"6363",8,54898.08
"6364",13,44243.07
"6365",11,37309.76
"6366",11,80381.64
"6367",11,20382.58
"6368",15,30091.49
"6369",14,23317
"6370",11,100740.86
"6371",8,76974.39
"6372",19,20678.31
"6373",12,42420.79
"6374",10,77529.01
"6375",13,82860.29
"6376",14,110087.87
"6377",11,48499.5
"6378",11,73027.7
"6379",9,51193.89
"6380",7,60806.73
"6381",10,33994.46
"6382",9,44051.18
"6383",12,53101.66
"6384",10,134097.72
"6385",16,48644.35
"6386",13,75811.18
"6387",9,61342.61
"6388",9,27447.59
"6389",11,22174.69
"6390",12,81688.28
"6391",10,86023.88
"6392",16,20267.04
"6393",12,66505.92
"6394",20,96488.59
"6395",5,23793.65
"6396",12,39301.69
"6397",12,115207.17
"6398",9,64664.44
"6399",11,31756.18
"6400",8,36595.6
"6401",7,29865.86
"6402",12,39558.97
"6403",12,75515.78
"6404",17,31834.66
"6405",9,41780.06
"6406",14,81042.43
"6407",5,32604.01
"6408",12,32967.52
"6409",12,85395.51
"6410",14,45869.77
"6411",10,36995.22
"6412",9,63616.86
"6413",10,68035.05
"6414",11,25815.69
"6415",13,111746.19
"6416",9,30161.45
"6417",13,52702.61
"6418",15,62544.83
"6419",7,114243.75
"6420",5,62886.09
"6421",10,92721.01
"6422",15,51190.36
"6423",12,52383.91
"6424",19,27703.39
"6425",14,162894.93
"6426",8,57422.55
"6427",15,113006.37
"6428",11,56158.74
"6429",18,31339.03
"6430",9,85051.9
"6431",12,78219.68
"6432",19,37011.29
"6433",11,38284.34
"6434",11,94215.73
"6435",8,34421.41
"6436",9,37824.24
"6437",12,21398.94
"6438",7,69497.67
"6439",9,56334.2
"6440",11,34490.46
"6441",9,38210.57
"6442",15,53271.76
"6443",13,43716.55
"6444",9,33922.94
"6445",13,132529.8
"6446",14,52723.61
"6447",20,77055.45
"6448",5,62888.27
"6449",18,37554.9
"6450",12,42404.44
"6451",10,48531.4
"6452",19,45119.83
"6453",7,31189.67
"6454",16,88050.13
"6455",14,31927.1
"6456",12,31571.66
"6457",8,101104.38
"6458",16,71952.5
"6459",13,39180.14
"6460",15,71707.78
"6461",6,90078.3
"6462",12,15132.04
"6463",11,44568.31
"6464",20,36635.25
"6465",16,48977.71
"6466",12,69643.98
"6467",13,99680.74
"6468",15,66952.41
"6469",11,49277.27
"6470",11,46501.42
"6471",8,96198.62
"6472",15,38374.57
"6473",6,26615.42
"6474",16,20964.29
"6475",9,46616.25
"6476",11,35970.69
"6477",20,27112.6
"6478",11,31277.83
"6479",9,60453.53
"6480",12,17303.13
"6481",14,68220.53
"6482",8,50326.44
"6483",15,20911.33
"6484",8,55303.69
"6485",13,35532.06
"6486",13,54067.72
"6487",8,26812.24
"6488",14,53818.73
"6489",7,49378.57
"6490",9,32020.42
"6491",11,11301.92
"6492",9,43337.84
"6493",7,66567.7
"6494",18,32934.23
"6495",16,135188.88
"6496",8,24974.46
"6497",12,27712.13
"6498",10,44329.19
"6499",6,24596.85
"6500",14,73487.95
"6501",14,31119.7
"6502",13,51219.57
"6503",13,25161.01
"6504",15,29762.13
"6505",10,35988.66
"6506",8,132204.67
"6507",7,38099.45
"6508",15,29324.39
"6509",8,68127.04
"6510",10,106091.47
"6511",13,31931.79
"6512",14,40253.52
"6513",9,61925.5
"6514",8,28156.15
"6515",16,53430.77
"6516",12,18671.86
"6517",12,41906.32
"6518",11,30381.51
"6519",13,31810.58
"6520",15,57700.09
"6521",14,40240.05
"6522",13,46207.41
"6523",10,29335.32
"6524",15,55252.17
"6525",12,48502.11
"6526",10,37950.89
"6527",14,31692.98
"6528",13,67852.04
"6529",5,53794.28
"6530",13,31254.98
"6531",7,102181.75
"6532",13,38063.16
"6533",17,88084.51
"6534",14,51801.31
"6535",13,31867.72
"6536",13,22401.32
"6537",11,27283.77
"6538",12,49274.13
"6539",15,53073.8
"6540",15,31932.1
"6541",14,47172.23
"6542",14,95058.54
"6543",14,49577.22
"6544",14,51274.82
"6545",7,63569.27
"6546",13,100781.59
"6547",18,20807.07
"6548",6,26676.31
"6549",11,20567.27
"6550",14,29009.44
"6551",11,71878.49
"6552",13,59894.07
"6553",13,55966.31
"6554",14,52914.64
"6555",20,35139.93
"6556",16,47932.39
"6557",14,56763.29
"6558",15,89008.36
"6559",8,34114.12
"6560",9,88594.95
"6561",17,69219.89
"6562",11,69757.58
"6563",14,49288.23
"6564",12,24550.48
"6565",9,62086.89
"6566",9,34476.43
"6567",8,44627.67
"6568",8,130725.49
"6569",11,20776.53
"6570",12,58898.56
"6571",14,224167.32
"6572",9,134503.68
"6573",10,15689.12
"6574",17,31438.84
"6575",14,17236.47
"6576",12,56183.53
"6577",13,45297.74
"6578",9,25143.84
"6579",13,75553.85
"6580",9,17326.78
"6581",9,48448.94
"6582",20,49391.91
"6583",9,57609.48
"6584",13,60873.49
"6585",15,63139.83
"6586",11,31969.98
"6587",16,51494.47
"6588",8,52808.42
"6589",12,103893.44
"6590",12,39260.21
"6591",12,38693.52
"6592",7,27713.27
"6593",11,250644.44
"6594",15,83422.14
"6595",16,115227.72
"6596",13,35280.35
"6597",11,33224.63
"6598",15,34001.29
"6599",13,95692.47
"6600",14,75823.09
"6601",14,105795.57
"6602",9,74708.72
"6603",12,57182.09
"6604",13,73426.61
"6605",20,38899.95
"6606",13,234296.41
"6607",9,76054.2
"6608",12,26356.89
"6609",14,77801.96
"6610",10,40740.04
"6611",10,74906.49
"6612",9,35340.25
"6613",7,88472.17
"6614",20,35888.12
"6615",16,91853.56
"6616",5,36046.89
"6617",15,98382.68
"6618",11,56118.29
"6619",17,45766.01
"6620",16,36311.23
"6621",15,29403.28
"6622",13,41702.67
"6623",13,16472.78
"6624",6,69282.94
"6625",4,43685.9
"6626",13,62808.86
"6627",14,47266.02
"6628",11,38157.46
"6629",14,327462.68
"6630",15,58665.51
"6631",11,49549.59
"6632",10,25675.34
"6633",17,41359.42
"6634",15,54863.73
"6635",7,68316.5
"6636",9,56413.41
"6637",9,17293.01
"6638",14,40268.89
"6639",15,156668.87
"6640",14,42361.17
"6641",15,36544.61
"6642",9,53611.67
"6643",16,41846.68
"6644",18,72152.59
"6645",8,56814.58
"6646",16,38816.11
"6647",8,25168.83
"6648",19,37986.27
"6649",14,106031.62
"6650",11,95268.31
"6651",19,40967.27
"6652",13,34311.83
"6653",14,55447.77
"6654",17,45544.16
"6655",13,18740.64
"6656",6,26172.39
"6657",13,77996.07
"6658",9,54839.75
"6659",10,56221.54
"6660",15,55875.19
"6661",13,29860.4
"6662",17,68415.7
"6663",7,47466.34
"6664",10,127859.42
"6665",20,59461.34
"6666",11,67974.84
"6667",11,55226.46
"6668",10,30618.46
"6669",15,94432.94
"6670",11,60662.9
"6671",13,59724.65
"6672",12,109573
"6673",20,68351.05
"6674",17,25898.46
"6675",13,23482.92
"6676",17,53972
"6677",12,116764.11
"6678",14,42202.33
"6679",14,56578.29
"6680",4,57192.44
"6681",14,70717.09
"6682",11,79246.65
"6683",12,79661.04
"6684",14,69965.89
"6685",13,42677.34
"6686",9,49580.86
"6687",7,66032
"6688",11,83387.8
"6689",8,71549.68
"6690",14,65657.88
"6691",14,137477.88
"6692",11,58830.82
"6693",16,56674.61
"6694",13,62969.34
"6695",11,85451.54
"6696",12,86213.47
"6697",8,43504.9
"6698",10,113752.82
"6699",12,35640.81
"6700",13,52036.12
"6701",10,25527.54
"6702",8,38981.99
"6703",17,40223.67
"6704",9,36041.51
"6705",13,39870.98
"6706",11,78216.72
"6707",8,27994.16
"6708",9,37757.89
"6709",6,70671.4
"6710",15,21239.96
"6711",14,73078.34
"6712",20,39271.96
"6713",11,76806.72
"6714",11,27683.54
"6715",17,38186.84
"6716",15,48820.07
"6717",16,43590.56
"6718",11,31525.03
"6719",10,60947.77
"6720",14,65489.66
"6721",13,101656.84
"6722",13,86738.96
"6723",12,35505.66
"6724",18,48016.48
"6725",18,86139.9
"6726",18,27031
"6727",17,23281.59
"6728",13,61206.49
"6729",14,33479.12
"6730",15,63916.82
"6731",15,173309.34
"6732",9,81622.96
"6733",12,69924.63
"6734",17,43705.43
"6735",9,112263.66
"6736",17,25908.36
"6737",17,84790.69
"6738",20,90222.58
"6739",15,24334.63
"6740",20,30852.41
"6741",11,27102.52
"6742",14,63830.57
"6743",13,78723.99
"6744",13,34801.72
"6745",19,92295.81
"6746",15,35188.33
"6747",17,21708.15
"6748",15,31729.98
"6749",15,80334.66
"6750",10,52941.12
"6751",10,51129.41
"6752",9,63842.07
"6753",13,35382.64
"6754",7,86502.96
"6755",12,37086.91
"6756",13,39346.77
"6757",14,31379.49
"6758",7,38514.02
"6759",20,86524.78
"6760",14,77964.47
"6761",13,47660.12
"6762",10,35266.69
"6763",15,48066.07
"6764",15,30859.31
"6765",8,42307.78
"6766",6,35099.88
"6767",14,45315.75
"6768",13,39587.58
"6769",8,45004.84
"6770",9,64846.45
"6771",11,61866.29
"6772",6,40077.57
"6773",11,71752.21
"6774",15,19232.78
"6775",18,95643.87
"6776",12,93404.34
"6777",12,71908.03
"6778",12,58416.8
"6779",7,31646.16
"6780",11,23594.96
"6781",18,82824.54
"6782",16,50512.49
"6783",8,120068.07
"6784",13,34786.19
"6785",11,29274.78
"6786",7,34687.07
"6787",17,45928.16
"6788",17,27014.28
"6789",18,137824.13
"6790",14,23680.41
"6791",18,22772.38
"6792",8,43030.83
"6793",14,34118.38
"6794",8,28615.38
"6795",13,182234.85
"6796",14,31215.47
"6797",11,90872.69
"6798",16,102064.61
"6799",13,39356.14
"6800",9,68923.94
"6801",15,21359.55
"6802",19,40857.48
"6803",10,37935.73
"6804",18,63893.43
"6805",18,101256.42
"6806",14,25206.43
"6807",9,104914.88
"6808",10,123322.65
"6809",17,42776.58
"6810",16,22833.16
"6811",15,65665.61
"6812",15,52635.86
"6813",14,33670.27
"6814",13,128678.99
"6815",12,34844.69
"6816",16,55889.65
"6817",15,61983.34
"6818",14,23421.39
"6819",15,103874.46
"6820",13,126361.24
"6821",6,65944.1
"6822",10,89971.55
"6823",5,37218.67
"6824",5,43059.36
"6825",6,66060
"6826",14,58587.57
"6827",6,33293.5
"6828",11,51731.18
"6829",9,92857.35
"6830",9,34819.88
"6831",10,38900.69
"6832",13,28848.44
"6833",13,72940.97
"6834",13,33320.56
"6835",6,66839.53
"6836",13,30844.05
"6837",8,29998.32
"6838",7,47914.96
"6839",15,26967.76
"6840",16,103909.57
"6841",6,57731.69
"6842",16,42436.03
"6843",9,24778.47
"6844",15,15210.35
"6845",12,105265.4
"6846",6,123242.64
"6847",19,76062.58
"6848",8,30874.24
"6849",4,101374.64
"6850",14,75110.58
"6851",10,25820.22
"6852",20,122307.39
"6853",11,21205.36
"6854",13,19203
"6855",13,65237.15
"6856",15,28547.4
"6857",14,17314.92
"6858",11,25861.62
"6859",11,216428.09
"6860",8,64439.92
"6861",14,25533.41
"6862",10,39790.7
"6863",15,61717.04
"6864",15,42683.77
"6865",20,59844.96
"6866",7,43922.09
"6867",8,77001.03
"6868",7,75323.15
"6869",8,79919.97
"6870",11,45564.77
"6871",12,22633.38
"6872",9,128119.48
"6873",15,39387.26
"6874",12,39305.33
"6875",14,171363.56
"6876",18,81092.99
"6877",13,47585.13
"6878",10,71127.54
"6879",13,59503.77
"6880",12,54068.05
"6881",18,39571.04
"6882",9,93722.97
"6883",17,70735.06
"6884",19,45684.42
"6885",11,73532.11
"6886",6,49709.82
"6887",17,55262.06
"6888",12,103971.44
"6889",15,60022.12
"6890",10,60307.21
"6891",14,74727.59
"6892",8,39033.26
"6893",12,28889.42
"6894",9,91186.31
"6895",12,95150
"6896",10,73756.25
"6897",8,86251.99
"6898",10,101083.61
"6899",14,38426.99
"6900",11,99277.55
"6901",11,53949.72
"6902",13,15489.52
"6903",16,64432.46
"6904",12,59458.25
"6905",18,8737.78
"6906",10,29919.94
"6907",9,29147.18
"6908",11,42058.05
"6909",18,43100.04
"6910",18,61935.88
"6911",6,62774.05
"6912",13,18643.09
"6913",18,47499.94
"6914",13,36706.99
"6915",13,57282.62
"6916",11,45763.97
"6917",6,28943.44
"6918",11,36803.71
"6919",7,67158.34
"6920",14,39217.57
"6921",16,44218.92
"6922",6,24488.28
"6923",15,48962.75
"6924",8,58042.34
"6925",11,26038.01
"6926",12,142361.52
"6927",13,136425.62
"6928",6,58594.93
"6929",15,75788.67
"6930",12,22646.65
"6931",13,49052.01
"6932",10,60365.18
"6933",9,35978.65
"6934",11,15174.44
"6935",20,45736.92
"6936",15,42754.85
"6937",13,44209.5
"6938",7,50741.62
"6939",18,68868.8
"6940",12,60690.69
"6941",10,89537.64
"6942",18,52246.13
"6943",17,60886.24
"6944",9,44747.24
"6945",11,55443.26
"6946",18,21733.87
"6947",11,28669.77
"6948",8,42159.2
"6949",12,72278.39
"6950",20,27595.1
"6951",13,35720.46
"6952",12,109944.87
"6953",14,66955.54
"6954",8,27982.3
"6955",15,59759.96
"6956",5,64576.24
"6957",14,64263.88
"6958",13,82977.71
"6959",6,65796.58
"6960",12,20087.47
"6961",11,41984.68
"6962",6,65259.27
"6963",18,56251.25
"6964",15,40587.28
"6965",13,55614.97
"6966",11,63198.45
"6967",14,119923.54
"6968",9,64326.68
"6969",18,31961.48
"6970",18,98171.92
"6971",9,56365.43
"6972",12,38869.76
"6973",12,78673.92
"6974",7,79324.69
"6975",13,76972.37
"6976",10,64282.48
"6977",12,18338.42
"6978",9,80487.01
"6979",11,63729.09
"6980",16,22632.24
"6981",10,39898.93
"6982",7,85252.07
"6983",13,22349.92
"6984",12,50037.75
"6985",18,41929.53
"6986",14,97887.94
"6987",8,126663.01
"6988",10,63454.13
"6989",11,74073.8
"6990",10,25862.65
"6991",14,48866.59
"6992",10,51986.34
"6993",14,34093.47
"6994",7,32141.2
"6995",9,52106.86
"6996",12,117286.59
"6997",9,90196
"6998",10,88620.15
"6999",13,30980.67
"7000",12,51000.19
"7001",17,21177.82
"7002",13,46435.9
"7003",12,29336.95
"7004",13,85639.84
"7005",11,57071.64
"7006",8,22035.37
"7007",8,15194.58
"7008",15,98473.02
"7009",11,52720.62
"7010",7,60094.23
"7011",10,31835.97
"7012",15,59986.9
"7013",14,52407.52
"7014",18,32708.08
"7015",9,48655.95
"7016",14,50962
"7017",14,50028.29
"7018",15,60509.22
"7019",10,46215.14
"7020",8,15866.56
"7021",13,46512.24
"7022",9,88011.3
"7023",8,29509.51
"7024",6,38655.85
"7025",14,40028.47
"7026",18,36643.64
"7027",11,26693.91
"7028",8,45459.07
"7029",16,68606.98
"7030",11,67980.61
"7031",12,109865.37
"7032",16,41576.14
"7033",14,36979.31
"7034",9,49553.29
"7035",8,39859.87
"7036",7,47544.11
"7037",20,25150.09
"7038",11,67776.49
"7039",9,58385.51
"7040",14,33009.75
"7041",13,30490.93
"7042",13,57114.57
"7043",16,37950.62
"7044",3,26367.61
"7045",13,41591.38
"7046",14,39387.91
"7047",14,83123.72
"7048",6,38252.9
"7049",10,46918.93
"7050",11,25625.76
"7051",20,79374.6
"7052",13,54407.76
"7053",16,20018.62
"7054",8,40439.03
"7055",15,95117.08
"7056",7,78809.14
"7057",18,63285.92
"7058",12,63519.86
"7059",20,51666.5
"7060",7,55774.09
"7061",13,28438.75
"7062",16,105745.36
"7063",15,72273.29
"7064",12,36158.08
"7065",19,42755.43
"7066",8,53279.13
"7067",14,37455.67
"7068",8,18504.07
"7069",17,41968.41
"7070",14,58842.96
"7071",10,36430.31
"7072",12,27969.53
"7073",10,59297.43
"7074",12,105475.15
"7075",10,20045.43
"7076",8,38568.57
"7077",13,16997.28
"7078",9,61616.8
"7079",10,17049.43
"7080",13,64391.17
"7081",8,61853.52
"7082",13,47374.34
"7083",11,81014.04
"7084",10,91118.84
"7085",17,67499.65
"7086",12,77786.61
"7087",8,33242.72
"7088",10,86584.44
"7089",11,30422.47
"7090",6,80142.81
"7091",7,47854.02
"7092",10,105070.72
"7093",11,66766.21
"7094",8,50641.62
"7095",6,62280.15
"7096",14,90168.56
"7097",12,26316.39
"7098",11,119867.17
"7099",7,42134.17
"7100",14,62571.42
"7101",11,20062.56
"7102",15,43711.34
"7103",13,43348.95
"7104",8,83396.47
"7105",10,39344.99
"7106",9,81577.6
"7107",18,75958.82
"7108",16,29349.57
"7109",10,122588.43
"7110",10,23145.85
"7111",12,22415.03
"7112",13,171500.47
"7113",17,28988.55
"7114",12,41507.97
"7115",15,37195.48
"7116",20,43726.45
"7117",11,42983.27
"7118",13,72954.41
"7119",13,50850.2
"7120",15,49693.2
"7121",12,47651.9
"7122",10,50008.48
"7123",10,47320.76
"7124",12,69468.45
"7125",17,47917.05
"7126",14,70896.61
"7127",15,49242.25
"7128",8,75711.27
"7129",14,71273.55
"7130",6,30931.24
"7131",12,28246.32
"7132",14,23245.51
"7133",10,27844.91
"7134",10,11049.66
"7135",11,115720.1
"7136",15,83170.53
"7137",18,32729.54
"7138",12,38414.18
"7139",13,127426.84
"7140",9,22587.93
"7141",16,49453.66
"7142",12,25056.51
"7143",12,62139.03
"7144",13,107866.88
"7145",11,71614.13
"7146",14,62566.71
"7147",18,33127.63
"7148",13,101486.44
"7149",11,53877.24
"7150",11,90611.81
"7151",7,69308.02
"7152",8,41450.03
"7153",8,63643.76
"7154",18,50407.65
"7155",13,68257.76
"7156",11,17830.21
"7157",10,40843.63
"7158",14,25430.22
"7159",12,60281.31
"7160",10,29159.05
"7161",9,27742.09
"7162",9,39775.9
"7163",13,35561.41
"7164",12,38643.54
"7165",17,58045.66
"7166",8,48464.45
"7167",11,56250.1
"7168",11,27317.7
"7169",15,58786.6
"7170",11,35149.64
"7171",16,47364.43
"7172",13,29552.91
"7173",8,58670.27
"7174",7,65022.73
"7175",10,53041.81
"7176",11,52787.88
"7177",12,89357.02
"7178",14,65632.51
"7179",12,77428.58
"7180",12,41470.31
"7181",7,44548.49
"7182",19,72402.1
"7183",11,54105.69
"7184",12,60630.74
"7185",15,142650.84
"7186",9,81109.77
"7187",13,70182.41
"7188",16,153781.95
"7189",11,31980.08
"7190",11,74704.4
"7191",19,37885.44
"7192",10,59497.94
"7193",10,23950.29
"7194",13,28820.26
"7195",11,85131.14
"7196",13,24083.1
"7197",14,26359.82
"7198",20,60501.77
"7199",16,38089.97
"7200",15,30686.34
"7201",13,29721.26
"7202",10,39233.67
"7203",12,80644.2
"7204",8,42892.21
"7205",9,72586.01
"7206",16,26894.71
"7207",8,52419.86
"7208",8,54032.47
"7209",11,53323.78
"7210",12,32015.75
"7211",14,50865.11
"7212",13,73126.72
"7213",9,49592.82
"7214",19,61454.27
"7215",13,70927.18
"7216",7,97573.48
"7217",8,48506
"7218",14,26036.24
"7219",15,76395.53
"7220",8,100522.81
"7221",15,50066.61
"7222",10,31261.11
"7223",6,25276.24
"7224",14,33279.9
"7225",18,53424.17
"7226",12,54299.15
"7227",10,56562.84
"7228",9,45526.06
"7229",17,36594.82
"7230",11,25644.38
"7231",12,78524.76
"7232",12,59749.2
"7233",11,24192.67
"7234",10,53499.95
"7235",15,48732.54
"7236",14,81742.46
"7237",8,24216.87
"7238",16,21983.64
"7239",4,47322.73
"7240",17,76737.81
"7241",11,48488.71
"7242",11,26237
"7243",3,73013.35
"7244",16,256324.26
"7245",9,26841.21
"7246",14,66130.71
"7247",8,59696.79
"7248",15,24760.21
"7249",10,109792.51
"7250",7,40759.03
"7251",11,21193.69
"7252",9,34036.38
"7253",18,29892.04
"7254",10,89979.15
"7255",17,19099.34
"7256",11,68483.81
"7257",19,91875.58
"7258",17,108766.85
"7259",9,27876.08
"7260",7,124550.29
"7261",15,107469.06
"7262",5,88618.01
"7263",9,72752.64
"7264",9,21985.97
"7265",14,41769
"7266",9,56420.08
"7267",8,106942.2
"7268",14,50273.51
"7269",7,56501.19
"7270",11,38358.91
"7271",20,75609.46
"7272",9,62643.75
"7273",20,41679.99
"7274",15,44294.16
"7275",8,196283.99
"7276",15,50045.21
"7277",4,34125.92
"7278",15,47788.62
"7279",13,39544.95
"7280",16,42647.4
"7281",13,35185.34
"7282",18,22168.16
"7283",12,108867.36
"7284",6,87119.38
"7285",14,73635.28
"7286",18,64433.87
"7287",13,40536.7
"7288",5,38389.31
"7289",18,24518.19
"7290",8,118927.95
"7291",17,114714.78
"7292",13,32632.38
"7293",13,57199.83
"7294",13,32509.68
"7295",10,23409.28
"7296",10,49575.24
"7297",11,35511.49
"7298",6,54161.4
"7299",11,43812.37
"7300",19,70196.57
"7301",16,57272.41
"7302",13,95345.88
"7303",15,32141.25
"7304",12,33174.2
"7305",11,48099.38
"7306",18,92648.81
"7307",9,30550.76
"7308",11,63218.8
"7309",10,29953.27
"7310",16,80523.01
"7311",13,36943.64
"7312",15,49071.25
"7313",12,137517.49
"7314",5,56118.35
"7315",17,27157.93
"7316",12,69541.61
"7317",19,46553.62
"7318",15,46038.45
"7319",6,28911.53
"7320",13,18423.08
"7321",9,23636.81
"7322",10,71937.82
"7323",12,64471.56
"7324",14,39662.32
"7325",14,26680.65
"7326",8,43668.34
"7327",16,28366.2
"7328",15,42339.46
"7329",12,12590.92
"7330",9,108903.32
"7331",10,54483.25
"7332",12,118904.52
"7333",5,65042.98
"7334",10,34868.03
"7335",7,35818.68
"7336",13,63823.26
"7337",7,65172.22
"7338",16,84180.73
"7339",16,17955.26
"7340",13,80944.93
"7341",15,30579.72
"7342",11,23391.31
"7343",10,77947.52
"7344",8,56605.51
"7345",12,49568.07
"7346",18,54546.26
"7347",9,16988.05
"7348",7,42335.2
"7349",20,54100.26
"7350",9,90172.53
"7351",16,31083.11
"7352",9,51276.12
"7353",11,28706.64
"7354",3,44546.56
"7355",12,79074.44
"7356",10,106450.57
"7357",15,17314.51
"7358",14,37955.91
"7359",12,127108.99
"7360",13,31783.21
"7361",10,58978.32
"7362",17,34636.64
"7363",9,27532.34
"7364",10,49022.23
"7365",10,47024.92
"7366",9,94041.98
"7367",10,32450.07
"7368",9,70899.01
"7369",9,29291.43
"7370",10,40777.01
"7371",12,49202.39
"7372",10,25563.71
"7373",9,57018.11
"7374",14,104077.14
"7375",9,42944.78
"7376",16,87086.74
"7377",14,56338.59
"7378",8,31705.92
"7379",16,111188.21
"7380",14,43990.56
"7381",11,42437.75
"7382",8,72364.17
"7383",13,52665.37
"7384",14,49739.99
"7385",15,81632.51
"7386",14,66422.92
"7387",12,105731.24
"7388",19,46466.07
"7389",15,68673.93
"7390",14,52540.86
"7391",12,57071.56
"7392",11,42108.75
"7393",13,129507.64
"7394",9,30235.18
"7395",7,45908.05
"7396",12,28492.09
"7397",11,29701.38
"7398",8,28859.88
"7399",14,36970.73
"7400",10,40536.43
"7401",12,31528.81
"7402",7,34406.38
"7403",16,43348.98
"7404",14,30705.6
"7405",11,106876.03
"7406",12,60458.9
"7407",7,36239.23
"7408",17,41893.75
"7409",14,28728.85
"7410",11,136463.04
"7411",9,48960.51
"7412",10,71798.59
"7413",6,43239.5
"7414",6,113130.47
"7415",9,49165.01
"7416",7,37245.79
"7417",12,43399.63
"7418",6,53739.9
"7419",11,45613.87
"7420",14,68329.89
"7421",13,93320.12
"7422",15,26847.07
"7423",12,53568.75
"7424",12,44239.3
"7425",14,36872.38
"7426",13,46112.54
"7427",13,59308.68
"7428",6,53374.28
"7429",10,46608.94
"7430",9,23502.46
"7431",9,65445.65
"7432",15,66851.33
"7433",13,64321.63
"7434",12,62031.66
"7435",11,39878.92
"7436",10,65911.19
"7437",13,212877.67
"7438",7,40616.82
"7439",9,69234.34
"7440",9,46751.9
"7441",12,44450.12
"7442",12,59131.81
"7443",6,82687.86
"7444",10,50405.86
"7445",17,29377.62
"7446",10,31608.1
"7447",20,46499.04
"7448",12,23474.81
"7449",12,117997.88
"7450",13,124560.75
"7451",14,69051.49
"7452",6,38625.41
"7453",13,28294.82
"7454",13,117212.15
"7455",17,56248.14
"7456",13,48725.92
"7457",10,47072.62
"7458",10,27540.44
"7459",12,31241.51
"7460",16,30216.6
"7461",11,27057.56
"7462",19,61316.29
"7463",11,74513.11
"7464",9,25470.4
"7465",8,30771.26
"7466",16,34854.23
"7467",15,36111.49
"7468",10,51541.77
"7469",13,34094.25
"7470",15,65109.17
"7471",12,35443.89
"7472",9,46866.56
"7473",7,73606.55
"7474",11,73796.19
"7475",13,34357.21
"7476",10,60720.16
"7477",12,22679.08
"7478",12,56971.54
"7479",7,49143.7
"7480",9,58851.02
"7481",12,49029.16
"7482",11,17177.35
"7483",17,61735.63
"7484",16,26724.72
"7485",14,46119.87
"7486",13,36326.61
"7487",12,56584.29
"7488",12,71675.07
"7489",13,35818.97
"7490",15,39612.76
"7491",13,27779.28
"7492",9,19856.92
"7493",10,27514.97
"7494",9,38828.32
"7495",8,40710.81
"7496",12,74513.58
"7497",8,41684.57
"7498",11,31131.68
"7499",17,41600.51
"7500",19,46859.32
"7501",11,57353.14
"7502",13,77379.59
"7503",7,81545.14
"7504",11,70621.46
"7505",11,16426.97
"7506",10,25543.61
"7507",11,48415.17
"7508",5,33896.36
"7509",10,28793.51
"7510",10,34994.33
"7511",14,67792.17
"7512",12,63660.17
"7513",12,89796.52
"7514",9,49645.95
"7515",11,26019.01
"7516",10,110239.56
"7517",10,34215.42
"7518",9,53682.17
"7519",9,49520.58
"7520",15,59202.73
"7521",10,28702.89
"7522",20,23557.29
"7523",11,66661.34
"7524",6,40437.69
"7525",15,19594.33
"7526",9,26335.06
"7527",6,64647.97
"7528",12,49007.8
"7529",11,31667.35
"7530",14,68002.84
"7531",15,55448.4
"7532",16,50454.87
"7533",14,97839.4
"7534",11,36462.65
"7535",13,54103.74
"7536",10,107391.53
"7537",8,45493.3
"7538",12,135544.91
"7539",10,55248.08
"7540",11,57025.94
"7541",13,108283.32
"7542",15,50888.65
"7543",13,29512.42
"7544",8,21992.7
"7545",11,39218.25
"7546",8,33406.66
"7547",16,34953.24
"7548",12,89200.17
"7549",8,84677.03
"7550",15,59779.3
"7551",19,58411.84
"7552",13,24930.63
"7553",11,108815.32
"7554",18,53232.61
"7555",13,27892.95
"7556",12,100140.07
"7557",16,111237.53
"7558",6,95704.66
"7559",9,63005.72
"7560",15,30233.66
"7561",9,25039.74
"7562",11,108608.21
"7563",7,60845.05
"7564",9,41946.95
"7565",19,35284.03
"7566",14,83186.01
"7567",7,31580.07
"7568",12,83725.41
"7569",11,86013.57
"7570",14,45038.7
"7571",13,63742.25
"7572",15,90765.17
"7573",12,63186.46
"7574",11,52397
"7575",13,25808.79
"7576",11,38196.39
"7577",15,68629.61
"7578",10,34874.05
"7579",19,103232.59
"7580",13,129990.17
"7581",9,43770.26
"7582",9,60755.67
"7583",11,60331.2
"7584",17,47537.05
"7585",16,54264.84
"7586",8,43375.04
"7587",10,29145.81
"7588",6,93502.12
"7589",20,65732.8
"7590",9,35937.77
"7591",5,51838.47
"7592",14,65268.91
"7593",7,20881.26
"7594",15,52805.67
"7595",8,26914.32
"7596",7,39941.29
"7597",7,22511.89
"7598",12,22135.59
"7599",15,17000.41
"7600",7,69116.22
"7601",15,130588.97
"7602",10,89600.03
"7603",11,31365.18
"7604",11,35255.87
"7605",11,92292.66
"7606",11,18295.14
"7607",9,37535.71
"7608",9,44620.49
"7609",11,21652.53
"7610",11,108019.26
"7611",7,61745.82
"7612",12,90633.73
"7613",12,42134.54
"7614",12,52687.55
"7615",9,57265.9
"7616",18,104455.15
"7617",13,110053.1
"7618",11,36625.9
"7619",15,86683.13
"7620",12,63589.13
"7621",9,76367.5
"7622",8,24741.53
"7623",14,43698.87
"7624",13,99036.85
"7625",7,53567.49
"7626",11,52224.87
"7627",12,36686.71
"7628",10,85933.46
"7629",12,51346.61
"7630",13,54290.11
"7631",10,34488.32
"7632",9,90245.09
"7633",6,50886.66
"7634",11,89263.82
"7635",10,48035.71
"7636",10,51595.23
"7637",11,54850.81
"7638",11,39551.85
"7639",14,19000.64
"7640",20,34168.31
"7641",8,32594.19
"7642",16,43553.75
"7643",17,31309.54
"7644",14,45984.94
"7645",10,48017.61
"7646",13,111974.83
"7647",17,45143.91
"7648",13,130346.71
"7649",8,52111.83
"7650",14,52171.12
"7651",14,62914.94
"7652",12,52522.43
"7653",11,31603.9
"7654",15,61490.57
"7655",11,84708.05
"7656",13,64944.51
"7657",8,51865.99
"7658",14,33518.19
"7659",13,82295.98
"7660",11,61348.92
"7661",12,41574.55
"7662",12,36801.01
"7663",19,44702.72
"7664",15,72650.03
"7665",12,40394.66
"7666",6,76458.73
"7667",15,26908.66
"7668",6,77601.3
"7669",13,47999.1
"7670",7,98990.87
"7671",11,62371.12
"7672",12,68605.16
"7673",7,22736.93
"7674",8,45035.1
"7675",14,48525.63
"7676",12,21825.49
"7677",10,25188.9
"7678",12,52185.44
"7679",16,26763.75
"7680",9,36043
"7681",10,71711.45
"7682",12,73908.14
"7683",15,40987.96
"7684",20,48955.46
"7685",8,78480.05
"7686",10,33320.96
"7687",16,41057.03
"7688",9,92576.08
"7689",18,52385.58
"7690",8,24822.92
"7691",12,42662.29
"7692",15,23497.39
"7693",13,34811.83
"7694",15,26439.7
"7695",14,30850.2
"7696",15,32697.16
"7697",11,39369.07
"7698",18,116647.42
"7699",20,52264.6
"7700",16,20583.94
"7701",8,18619.59
"7702",11,32024.8
"7703",13,106961.85
"7704",10,115199.43
"7705",11,31116.81
"7706",13,75062.74
"7707",10,92506.5
"7708",16,28103.75
"7709",18,20134.98
"7710",14,30367.49
"7711",15,34835.95
"7712",20,39010.33
"7713",11,129074.12
"7714",12,50042.64
"7715",6,53960.19
"7716",15,47317.44
"7717",3,33140.52
"7718",10,30462.65
"7719",11,105757.45
"7720",11,42998.19
"7721",14,60399.65
"7722",13,27122.16
"7723",10,76207.18
"7724",10,38551.53
"7725",10,56114.59
"7726",13,46778.47
"7727",12,17861.18
"7728",15,95653.04
"7729",14,83660.87
"7730",15,33156.25
"7731",4,54037.59
"7732",11,29565.52
"7733",13,75922.69
"7734",8,69950.04
"7735",10,15934.6
"7736",11,23396.36
"7737",12,32609.53
"7738",13,52043.98
"7739",10,27667.33
"7740",12,69658.19
"7741",8,47024.44
"7742",14,51103.06
"7743",18,31707.37
"7744",13,67490.13
"7745",7,54573.85
"7746",12,50289.29
"7747",4,46799.75
"7748",16,36069.75
"7749",8,27137.42
"7750",16,30825.61
"7751",10,16723.99
"7752",10,60391.52
"7753",13,74412.59
"7754",9,28481.29
"7755",14,70300.07
"7756",6,33414.28
"7757",11,42803.8
"7758",15,39835.56
"7759",8,13461.12
"7760",13,63260.25
"7761",16,47090.71
"7762",12,58667.59
"7763",9,169022.32
"7764",10,53867.38
"7765",10,138873.1
"7766",9,62129.41
"7767",12,77994.18
"7768",15,32577.21
"7769",13,65385.57
"7770",17,34985.29
"7771",20,36256.5
"7772",14,39763.25
"7773",11,53840.2
"7774",16,37481.17
"7775",14,36433.56
"7776",19,97659.21
"7777",13,43063.75
"7778",11,24977.49
"7779",14,27147.18
"7780",12,27811.38
"7781",13,66025.49
"7782",16,56331.78
"7783",7,26527.29
"7784",8,41196.84
"7785",8,48335.6
"7786",13,78614.1
"7787",9,128046.1
"7788",16,79583.28
"7789",9,32913.23
"7790",12,44778.88
"7791",4,17466.17
"7792",12,21717.52
"7793",9,28876.89
"7794",9,21741.27
"7795",17,48777.67
"7796",11,109035.6
"7797",10,40842
"7798",16,74071.89
"7799",19,72355.22
"7800",9,83979.75
"7801",14,28365.35
"7802",5,27367.83
"7803",9,115166.15
"7804",14,107781.06
"7805",12,47634.45
"7806",15,53432
"7807",5,38432.47
"7808",17,26572.7
"7809",17,74043.21
"7810",10,23752.4
"7811",12,40439
"7812",8,25244.45
"7813",13,74918.58
"7814",15,19745.59
"7815",11,29665.65
"7816",12,53575.31
"7817",11,74775.88
"7818",9,18945.8
"7819",8,114080.69
"7820",16,98496.88
"7821",11,75454.63
"7822",11,58545.62
"7823",11,42081.58
"7824",20,50996.02
"7825",10,38308.86
"7826",11,46238.52
"7827",12,93629.33
"7828",15,38996.66
"7829",12,35449.06
"7830",11,70351.7
"7831",10,24595.08
"7832",8,50258.41
"7833",7,75614.78
"7834",17,69340.81
"7835",12,53311.84
"7836",19,55503.27
"7837",12,56124.53
"7838",16,57626.82
"7839",12,65374.58
"7840",18,36148.95
"7841",11,14569.89
"7842",8,25550.48
"7843",6,51060.9
"7844",14,44668.63
"7845",6,121249.54
"7846",13,27907.44
"7847",12,36652.13
"7848",14,24284.97
"7849",12,52467.88
"7850",9,39830.2
"7851",12,56754.14
"7852",11,120957.78
"7853",13,42102
"7854",9,47776.46
"7855",13,49915.76
"7856",16,135499.3
"7857",8,35763.53
"7858",13,81979.33
"7859",13,65604.24
"7860",13,57490.42
"7861",13,58966.08
"7862",6,116559.16
"7863",11,116172.4
"7864",9,78598.81
"7865",13,16211.26
"7866",12,59960.51
"7867",18,60350.4
"7868",10,61884.08
"7869",6,50264.65
"7870",14,64812.93
"7871",15,106121.38
"7872",18,50534.09
"7873",12,62263
"7874",12,29041.38
"7875",10,50679.05
"7876",18,70967.88
"7877",9,84575.47
"7878",14,45578.66
"7879",18,49477.54
"7880",20,17238.62
"7881",8,94820.87
"7882",13,73965.06
"7883",11,46375.53
"7884",20,66508.61
"7885",15,58694.67
"7886",10,54023.56
"7887",12,123556.89
"7888",14,26502.98
"7889",13,33231.49
"7890",11,62005.74
"7891",12,52405.47
"7892",13,36088.78
"7893",9,82794.13
"7894",8,71535.56
"7895",10,90585.09
"7896",14,30540.86
"7897",8,19097.72
"7898",9,49761.2
"7899",10,41990.54
"7900",6,18570.29
"7901",9,30663.52
"7902",6,46443.92
"7903",15,18060.09
"7904",9,18174.32
"7905",17,78493.45
"7906",14,27435.13
"7907",12,32274.39
"7908",16,59394.91
"7909",14,25611.56
"7910",12,33326.85
"7911",10,75317.26
"7912",9,34089.87
"7913",11,75066.24
"7914",10,13292.14
"7915",12,24792.75
"7916",9,74985.69
"7917",11,66903.73
"7918",9,50051.92
"7919",11,41330.41
"7920",10,39868.39
"7921",13,49703.04
"7922",6,96409.62
"7923",15,39840.54
"7924",10,97103.82
"7925",12,18838.53
"7926",12,52920.56
"7927",7,132316.87
"7928",8,64768.86
"7929",10,23743.65
"7930",17,100004.76
"7931",12,30837.85
"7932",11,53987.94
"7933",13,87319.24
"7934",7,33387.29
"7935",10,45638.41
"7936",9,25955.58
"7937",13,76202.34
"7938",6,53964.06
"7939",8,62152.77
"7940",14,33653.22
"7941",15,34972.83
"7942",13,43031.25
"7943",16,42053.68
"7944",13,42038.86
"7945",16,38244.75
"7946",13,61396.73
"7947",8,40139.46
"7948",12,36199.1
"7949",11,23291.86
"7950",11,92363.98
"7951",9,17812.02
"7952",8,44234.27
"7953",11,41819.43
"7954",9,60384.95
"7955",18,32619.52
"7956",13,40988.01
"7957",12,91296.85
"7958",20,35365.75
"7959",7,19685.47
"7960",11,105266.12
"7961",12,62345.19
"7962",12,37758
"7963",10,31039.09
"7964",20,14363.66
"7965",10,80317.69
"7966",6,38497.09
"7967",9,17289.37
"7968",9,56706.01
"7969",10,65129.17
"7970",7,51171.53
"7971",16,60089.76
"7972",5,48929.5
"7973",15,87463.97
"7974",15,60242.37
"7975",12,74485.84
"7976",9,40049.54
"7977",17,37169.4
"7978",12,81894.43
"7979",6,55060.6
"7980",12,45396.22
"7981",6,61041.16
"7982",12,37498.65
"7983",9,100591.07
"7984",10,25857.05
"7985",8,53242.07
"7986",15,56867.97
"7987",9,76558.8
"7988",15,78991.57
"7989",14,46451.27
"7990",11,28219.99
"7991",18,60890.72
"7992",10,77379.11
"7993",10,58813.53
"7994",16,33878.11
"7995",10,51424.8
"7996",8,22341.97
"7997",10,50230.92
"7998",8,48312.66
"7999",11,72317.96
"8000",16,35980.72
"8001",13,14719.39
"8002",20,57891.2
"8003",20,30711.95
"8004",13,63033.95
"8005",10,33699.18
"8006",15,29325.67
"8007",7,44180.3
"8008",14,22125.58
"8009",10,35465.04
"8010",11,47862.67
"8011",11,34301.21
"8012",7,58111.14
"8013",17,45970.04
"8014",16,37662.94
"8015",8,86571.57
"8016",8,39730.25
"8017",9,44623.51
"8018",5,62598.84
"8019",8,88065.09
"8020",11,21871.78
"8021",12,28827.12
"8022",8,31577.5
"8023",18,58245.55
"8024",9,47165.46
"8025",12,88266.3
"8026",12,27493.36
"8027",16,47496.97
"8028",12,58419.27
"8029",17,18081.66
"8030",18,36303.03
"8031",8,124634.87
"8032",20,43768.76
"8033",10,40412.22
"8034",20,81966.07
"8035",8,74967.92
"8036",11,73943.53
"8037",16,54603.12
"8038",10,43040.34
"8039",7,67797.21
"8040",13,60907.3
"8041",10,66237.49
"8042",9,96569.11
"8043",7,38997.14
"8044",11,21343.4
"8045",10,16686.01
"8046",12,104687.83
"8047",6,42711.62
"8048",16,32175.61
"8049",5,28747.69
"8050",16,31396.16
"8051",11,46624.15
"8052",6,38818.33
"8053",18,29944.61
"8054",17,44974.19
"8055",14,68398.92
"8056",12,22730.51
"8057",12,173332.52
"8058",10,48086.46
"8059",15,77242.83
"8060",12,50524.19
"8061",9,82384.14
"8062",16,85886.46
"8063",8,134019.99
"8064",14,32797.29
"8065",14,145017.91
"8066",8,50051.05
"8067",14,41876.33
"8068",10,11320.12
"8069",15,18543.81
"8070",10,43319.12
"8071",15,65039.47
"8072",15,37552.73
"8073",13,42515.34
"8074",16,30132.57
"8075",11,122235.5
"8076",11,29190.74
"8077",9,63303.36
"8078",17,54772.25
"8079",8,51943.19
"8080",6,60703.28
"8081",14,40262.88
"8082",12,57332.38
"8083",14,102654.32
"8084",8,43983.71
"8085",11,93891.44
"8086",12,39690.98
"8087",13,46787.21
"8088",9,50869.23
"8089",14,41035.52
"8090",13,42842.19
"8091",11,58312.85
"8092",10,19492.78
"8093",14,124619.49
"8094",18,45743.08
"8095",17,59985.07
"8096",10,60683.52
"8097",11,75677.62
"8098",10,24793.31
"8099",12,52130.8
"8100",10,67694.22
"8101",17,64234.97
"8102",10,52588.87
"8103",10,28835.04
"8104",11,43422.34
"8105",11,14975.02
"8106",14,49948.14
"8107",13,64459.38
"8108",6,38426.18
"8109",11,102826.33
"8110",12,35456.59
"8111",10,49473.1
"8112",11,91743.93
"8113",8,52568.06
"8114",10,16674.05
"8115",14,50490.25
"8116",20,54025.24
"8117",12,40310.73
"8118",16,55602.06
"8119",14,84883.19
"8120",12,52738.78
"8121",10,31048.45
"8122",14,100804.17
"8123",11,134504.28
"8124",16,78473.1
"8125",15,65606.55
"8126",9,44559.37
"8127",11,26765.47
"8128",11,53674.84
"8129",9,27003.82
"8130",11,68363.82
"8131",15,80520.73
"8132",16,76269.31
"8133",12,69844.95
"8134",12,54068.5
"8135",19,67612.55
"8136",10,112078.44
"8137",7,51235.4
"8138",16,121732.46
"8139",14,44058.9
"8140",14,118518.75
"8141",5,54089.29
"8142",8,72261.21
"8143",13,40054.71
"8144",8,30498.26
"8145",4,40556.15
"8146",10,59570.13
"8147",16,38365.88
"8148",10,99468.46
"8149",10,84818.74
"8150",16,67733.52
"8151",8,40334.71
"8152",12,59242.83
"8153",11,45229.45
"8154",16,114436.47
"8155",16,35308.59
"8156",10,55530.45
"8157",14,36283.72
"8158",10,63821.41
"8159",13,215291.63
"8160",11,56773.1
"8161",12,55058.16
"8162",9,62160.44
"8163",9,47687.22
"8164",10,110370.17
"8165",8,47781.7
"8166",10,46497.17
"8167",12,62805.86
"8168",15,51614.06
"8169",16,41225.45
"8170",11,30545.42
"8171",6,86911.74
"8172",11,65364.36
"8173",18,34712.15
"8174",6,63843.18
"8175",13,34864.05
"8176",7,67475.06
"8177",7,42050.15
"8178",11,43481.77
"8179",17,58837.66
"8180",15,31580.56
"8181",10,87161.66
"8182",10,62505.72
"8183",11,40213.07
"8184",7,130739.42
"8185",13,30628.01
"8186",12,127227.16
"8187",13,72923.43
"8188",10,37957.73
"8189",17,49040.51
"8190",10,37328.55
"8191",17,95264.46
"8192",10,58122.32
"8193",13,65954.19
"8194",14,140307.5
"8195",10,15358.04
"8196",9,35352.45
"8197",12,69100.99
"8198",16,28322.43
"8199",13,132017.58
"8200",11,66468.67
"8201",7,105917.55
"8202",11,59985.44
"8203",16,29282.78
"8204",6,62904.25
"8205",12,27034.6
"8206",14,100235.25
"8207",12,96537.71
"8208",10,112489.86
"8209",7,65419.26
"8210",10,68634.14
"8211",12,26769.28
"8212",9,57068.88
"8213",8,89287.57
"8214",8,24517.94
"8215",9,63824.38
"8216",16,19496.82
"8217",10,107053.14
"8218",15,34722.13
"8219",11,65781.26
"8220",9,33787.87
"8221",13,49789.67
"8222",15,21972.98
"8223",13,13662.21
"8224",11,79915.86
"8225",14,63209.71
"8226",14,89245.76
"8227",13,82693.13
"8228",12,42167.37
"8229",13,37098.85
"8230",10,77671.78
"8231",8,85107.78
"8232",10,64152.42
"8233",10,52187.37
"8234",14,37331.72
"8235",4,78569.02
"8236",14,75195.42
"8237",9,64270.18
"8238",11,180962.16
"8239",12,26157.25
"8240",11,38881.52
"8241",10,56469.47
"8242",15,27675.07
"8243",12,36451.46
"8244",7,25795.26
"8245",13,116657.64
"8246",10,37141.05
"8247",9,61643.48
"8248",11,140135.42
"8249",13,64663.39
"8250",16,35741.89
"8251",15,70804.04
"8252",9,50732.63
"8253",8,39142.83
"8254",13,19794.79
"8255",10,136257.13
"8256",9,35613.83
"8257",15,48126.08
"8258",13,46063.61
"8259",8,36706.11
"8260",16,90530
"8261",11,56970.21
"8262",16,26357.87
"8263",10,53800.36
"8264",15,225709.46
"8265",9,53842.22
"8266",14,68927.37
"8267",15,86266.35
"8268",8,37739.97
"8269",12,85139.42
"8270",6,133391.84
"8271",10,56552.25
"8272",20,91379.49
"8273",19,44492.85
"8274",13,76183.23
"8275",19,22881.48
"8276",13,31939.97
"8277",6,61873.32
"8278",6,66977.92
"8279",13,102909.02
"8280",8,61632.31
"8281",11,104384.59
"8282",12,119514.79
"8283",11,102701.82
"8284",8,89736.99
"8285",13,73091.26
"8286",12,19505.42
"8287",9,46259.18
"8288",20,33468.66
"8289",13,128801.86
"8290",11,59622.28
"8291",13,42980.93
"8292",13,37934.2
"8293",15,39918.24
"8294",15,79692.86
"8295",13,34556.71
"8296",8,112904.03
"8297",13,24822.27
"8298",7,51378.26
"8299",11,15734.98
"8300",9,58325.11
"8301",5,24061.16
"8302",11,35157.54
"8303",13,18726.94
"8304",8,68981.81
"8305",11,41885.79
"8306",6,55703.17
"8307",9,33377.16
"8308",7,27832.55
"8309",14,23786.36
"8310",7,33885.06
"8311",11,43504.01
"8312",11,14443.65
"8313",14,28948.9
"8314",16,23365.06
"8315",9,39842.41
"8316",14,20209.97
"8317",12,43410.84
"8318",16,113665.09
"8319",11,42175.03
"8320",15,65049.93
"8321",10,49144.24
"8322",15,45645.08
"8323",12,20922.21
"8324",10,94697.61
"8325",12,127788.05
"8326",12,80899.1
"8327",17,37003.18
"8328",15,55091.6
"8329",10,24256.48
"8330",11,56806.44
"8331",14,38005.34
"8332",6,27507.27
"8333",12,45044.02
"8334",9,70775.67
"8335",14,94934.78
"8336",14,46033.84
"8337",13,99754.86
"8338",15,87534.36
"8339",20,40024.69
"8340",12,25396.13
"8341",15,27092.43
"8342",15,87794.86
"8343",7,68363.97
"8344",15,35486.39
"8345",15,20778.65
"8346",15,32778.56
"8347",14,60512.89
"8348",11,53888.2
"8349",12,31636.93
"8350",18,62820.27
"8351",7,30501.12
"8352",5,64631.48
"8353",12,32292.63
"8354",10,46240.78
"8355",13,110770.49
"8356",11,41607.23
"8357",9,36447.54
"8358",10,91767.58
"8359",13,26899.46
"8360",14,53414.73
"8361",13,158438.39
"8362",14,76332.99
"8363",7,34577.63
"8364",15,68318.25
"8365",12,90299.84
"8366",14,44182.92
"8367",13,57174.66
"8368",10,28378.67
"8369",12,84546.94
"8370",10,92104.03
"8371",10,24243.05
"8372",17,26865.79
"8373",16,42198.89
"8374",10,30688.96
"8375",10,35688.26
"8376",16,25800.95
"8377",11,32470.8
"8378",13,111360
"8379",11,18199.95
"8380",16,15741.61
"8381",13,59653.24
"8382",11,66771.09
"8383",14,26551.06
"8384",15,94912.22
"8385",13,42284.94
"8386",17,19874.79
"8387",10,35121.06
"8388",11,22826.89
"8389",10,21084.86
"8390",15,54456.48
"8391",11,73329.3
"8392",11,25389.08
"8393",11,50561.65
"8394",10,46933.77
"8395",11,102864.53
"8396",15,29736.94
"8397",6,28750.4
"8398",11,25146.9
"8399",13,66412.38
"8400",15,62900.53
"8401",11,36073.2
"8402",9,36174.47
"8403",9,28329.63
"8404",11,57277.47
"8405",11,109167.85
"8406",16,39920.85
"8407",13,80600.47
"8408",15,41125.4
"8409",8,64005.12
"8410",14,115928.47
"8411",9,39745.93
"8412",17,88703.95
"8413",7,26352.55
"8414",12,68549.25
"8415",13,36191.55
"8416",14,45219.56
"8417",14,49450.29
"8418",10,56863.85
"8419",16,78727.29
"8420",9,35549.17
"8421",15,64106.57
"8422",17,94971.29
"8423",17,51885.71
"8424",18,19965.89
"8425",17,21794.99
"8426",9,25788.94
"8427",8,59308.59
"8428",20,17870.57
"8429",8,75339.56
"8430",10,57253.59
"8431",8,91053.49
"8432",14,67351.7
"8433",11,48241.99
"8434",7,34492.97
"8435",12,47803.68
"8436",13,16893.77
"8437",8,101070.91
"8438",12,64223.71
"8439",10,101911.66
"8440",10,123396.38
"8441",13,29515.13
"8442",12,82973.67
"8443",14,112307.28
"8444",12,43650.86
"8445",12,40318.03
"8446",7,98144.58
"8447",13,72792.47
"8448",20,51899.28
"8449",16,42486.12
"8450",16,39541.76
"8451",14,29899.19
"8452",10,70785.54
"8453",13,46836.51
"8454",11,30437.41
"8455",8,82718.46
"8456",6,45660.81
"8457",20,33119.18
"8458",10,46312.86
"8459",11,82022.33
"8460",20,59059.72
"8461",11,35861.31
"8462",7,64457.05
"8463",9,67371.84
"8464",12,55169.86
"8465",15,73001.76
"8466",11,59147.58
"8467",13,47343.38
"8468",8,32345.01
"8469",9,42705.02
"8470",8,52647.54
"8471",11,28922.43
"8472",8,110733.48
"8473",16,63656.91
"8474",10,16796.03
"8475",14,35704.74
"8476",18,39889.89
"8477",16,50574.41
"8478",11,76804.47
"8479",8,12608.88
"8480",14,50884.72
"8481",15,58926.09
"8482",11,36827.51
"8483",10,40500.01
"8484",20,126951.32
"8485",11,32479.9
"8486",12,40341.69
"8487",15,34158.22
"8488",9,19223.64
"8489",9,15257.51
"8490",12,27411.17
"8491",18,154848.23
"8492",10,39738.49
"8493",14,45714.98
"8494",14,68679.18
"8495",12,79788.43
"8496",16,61829.53
"8497",11,26737.74
"8498",11,47160.05
"8499",12,126395.3
"8500",14,56032.93
"8501",8,117265.79
"8502",10,50735.38
"8503",13,34799.37
"8504",15,52483.53
"8505",11,51340.33
"8506",17,59350.89
"8507",15,127647.86
"8508",13,25003.81
"8509",11,103197.32
"8510",15,47323.05
"8511",10,88310.16
"8512",10,64428.21
"8513",9,32144.91
"8514",12,37532.06
"8515",15,64892.85
"8516",16,112828.25
"8517",14,31867.83
"8518",11,82043.68
"8519",13,73147.59
"8520",20,68110.94
"8521",11,72146.76
"8522",11,56243.19
"8523",10,89209.08
"8524",8,67150.42
"8525",13,77452.16
"8526",14,26957.2
"8527",16,38283.74
"8528",9,30044.09
"8529",18,72117.17
"8530",14,47915.49
"8531",13,107828.84
"8532",14,36593.94
"8533",10,57750.17
"8534",12,40921.84
"8535",15,67075.69
"8536",15,56909.31
"8537",11,32917.27
"8538",19,76654.08
"8539",9,33725.6
"8540",19,74940.59
"8541",16,81650.03
"8542",19,88020.87
"8543",10,55012.79
"8544",17,86854.39
"8545",14,40042.47
"8546",6,54754.74
"8547",17,86139.85
"8548",17,44517.72
"8549",17,79142.4
"8550",13,125713.36
"8551",14,44109.12
"8552",11,50971.2
"8553",15,80263.1
"8554",9,40798.58
"8555",9,49389.76
"8556",13,54694.01
"8557",18,71661.86
"8558",11,50564.53
"8559",12,47207.21
"8560",8,20696.4
"8561",14,38208.35
"8562",8,82065.5
"8563",8,56989.27
"8564",13,55337.24
"8565",11,48113.77
"8566",11,15161.39
"8567",13,38037.92
"8568",20,38771.44
"8569",11,55034
"8570",9,101392.65
"8571",10,19638.92
"8572",15,67871.45
"8573",11,34015.62
"8574",14,38581.52
"8575",11,76538.18
"8576",14,52701.25
"8577",15,38447.83
"8578",16,27050.73
"8579",16,76818.88
"8580",12,32305.89
"8581",17,45900.61
"8582",13,49637.05
"8583",13,79398.08
"8584",15,35510.03
"8585",9,36700.47
"8586",6,94253.97
"8587",15,25805.39
"8588",10,105231.59
"8589",11,31104.55
"8590",11,74448.4
"8591",15,41914.1
"8592",14,51226.47
"8593",11,58453.57
"8594",15,97386.76
"8595",12,59269.27
"8596",11,64534.39
"8597",12,84588.95
"8598",15,64300.57
"8599",9,93916.45
"8600",13,48007.83
"8601",13,27474.11
"8602",13,56613.95
"8603",9,114135.68
"8604",18,61480
"8605",11,46681.46
"8606",18,69758.57
"8607",16,34438.43
"8608",14,26069.3
"8609",13,73214.67
"8610",12,60928.28
"8611",15,41830.22
"8612",11,36757.61
"8613",15,67044.65
"8614",12,43853.85
"8615",9,27682.28
"8616",4,24945.76
"8617",10,69389.04
"8618",8,24967.83
"8619",15,46333.76
"8620",16,90649.57
"8621",14,28958.88
"8622",15,121993.22
"8623",11,56222.07
"8624",16,46052.72
"8625",11,55645.32
"8626",5,47424.94
"8627",10,68919.79
"8628",14,48180.45
"8629",6,90390.64
"8630",15,49944.06
"8631",11,31890.29
"8632",16,61626.54
"8633",18,98848.24
"8634",10,67147.05
"8635",13,94012.1
"8636",16,33639.74
"8637",15,52854.94
"8638",12,65692.05
"8639",10,75560.62
"8640",14,69834.18
"8641",14,56455.93
"8642",9,36024.41
"8643",12,47904.23
"8644",15,54153.07
"8645",15,74981.53
"8646",13,18448.59
"8647",9,28287.46
"8648",12,72689.32
"8649",11,37491.01
"8650",9,29289.75
"8651",12,28133.18
"8652",15,29950.67
"8653",15,30516.95
"8654",8,24992.18
"8655",7,51314.34
"8656",4,39494.8
"8657",14,28140.71
"8658",4,41338.08
"8659",13,57639.89
"8660",10,27478.32
"8661",12,34784.74
"8662",13,38425.6
"8663",8,34163.07
"8664",13,27011.13
"8665",10,63431.97
"8666",15,83150.27
"8667",10,27069.8
"8668",14,37544.81
"8669",11,37561.96
"8670",5,62498.45
"8671",11,44791.94
"8672",11,43049.67
"8673",4,17080.93
"8674",12,37829.13
"8675",16,25753.82
"8676",12,57705.65
"8677",10,49001.51
"8678",10,37069.49
"8679",15,74394.47
"8680",12,13237
"8681",14,40240.15
"8682",12,69624.18
"8683",8,47950.38
"8684",14,62648.44
"8685",14,79310.38
"8686",12,71257.18
"8687",11,66808.73
"8688",15,68491.83
"8689",11,18334.56
"8690",10,52187.55
"8691",18,57631.92
"8692",15,48301.77
"8693",13,19786.79
"8694",15,30837
"8695",15,33145.57
"8696",8,81362.97
"8697",14,45294.83
"8698",13,74274.77
"8699",7,54955.16
"8700",15,31796.88
"8701",7,43540.24
"8702",16,57891.41
"8703",12,31336.74
"8704",13,63021.59
"8705",13,85482
"8706",13,103359.59
"8707",8,135997.31
"8708",13,33359.81
"8709",11,37076.56
"8710",10,36191.14
"8711",11,33396.94
"8712",16,67645.95
"8713",13,19824.31
"8714",10,101014.28
"8715",13,24155.61
"8716",13,25509.97
"8717",10,52321.6
"8718",9,34363.47
"8719",13,33853.62
"8720",11,64591.62
"8721",13,46978.11
"8722",9,80493.42
"8723",12,55403.65
"8724",12,48236.77
"8725",13,80266.22
"8726",16,148201.97
"8727",13,36459.21
"8728",14,49370.74
"8729",9,74707.62
"8730",4,48826.45
"8731",14,64623.1
"8732",12,126294.55
"8733",8,104200.63
"8734",11,47041.53
"8735",5,70186.44
"8736",10,67880.96
"8737",17,46210.39
"8738",6,28116.74
"8739",9,40569.12
"8740",20,60004.77
"8741",17,71946.2
"8742",9,40625.97
"8743",20,44723.79
"8744",8,39073.26
"8745",9,20795.75
"8746",10,32158.66
"8747",9,54780.22
"8748",13,43280.43
"8749",16,40810.91
"8750",11,39070.25
"8751",15,28677.92
"8752",9,77980.81
"8753",17,57681.85
"8754",8,24709.54
"8755",7,31628.82
"8756",9,56252.78
"8757",10,34631.05
"8758",15,38479.24
"8759",7,50018.99
"8760",14,63881.7
"8761",16,55497.84
"8762",8,85060.56
"8763",16,41288.93
"8764",10,27663.17
"8765",10,59479.7
"8766",14,44081.58
"8767",10,39084.77
"8768",13,46178.26
"8769",15,198450.85
"8770",9,17917.89
"8771",16,51410.98
"8772",15,41985.35
"8773",13,35944.14
"8774",9,48481.92
"8775",15,34703.31
"8776",11,22417.28
"8777",2,24055.69
"8778",13,51039.85
"8779",12,109750.54
"8780",16,42660.21
"8781",9,72368.64
"8782",10,61475.34
"8783",15,42933.18
"8784",9,115116.63
"8785",10,86986.21
"8786",9,41800.12
"8787",13,80012.58
"8788",6,55404.56
"8789",15,28560.57
"8790",17,30087.61
"8791",10,93789.17
"8792",14,30307.86
"8793",12,40776.71
"8794",5,36577.96
"8795",7,43588.59
"8796",15,45608.71
"8797",12,42843.71
"8798",13,51392.69
"8799",15,32253.04
"8800",18,58788.97
"8801",9,50332.34
"8802",10,51882.02
"8803",20,41794.17
"8804",9,68522.64
"8805",14,23596.71
"8806",16,50076.83
"8807",9,74761.87
"8808",15,76873.17
"8809",11,63989.98
"8810",9,53552.71
"8811",13,31584.13
"8812",14,26574.28
"8813",18,58621.9
"8814",15,93051.39
"8815",8,92541.95
"8816",17,26222.47
"8817",6,46817.17
"8818",12,23805.96
"8819",9,43718.72
"8820",11,53678.96
"8821",9,70543.76
"8822",5,43577.47
"8823",15,42359.75
"8824",15,68398.26
"8825",14,22002.04
"8826",15,37616.83
"8827",19,26417.84
"8828",20,169127.39
"8829",10,50695.07
"8830",6,31403.93
"8831",12,109918.59
"8832",14,84083.8
"8833",9,63981.2
"8834",13,74690.31
"8835",7,62563.22
"8836",14,129043.67
"8837",11,53701.49
"8838",10,222222.93
"8839",12,74122.73
"8840",19,52825.35
"8841",16,47194.79
"8842",18,63973.32
"8843",12,14500.59
"8844",8,65129.89
"8845",18,22377.42
"8846",10,30770.52
"8847",13,33639.36
"8848",7,120897.91
"8849",15,22741.39
"8850",15,142636.54
"8851",9,38866.77
"8852",10,102077.23
"8853",12,59823.2
"8854",14,34597.59
"8855",11,82277.5
"8856",15,122253.89
"8857",8,52295.39
"8858",9,47219.58
"8859",16,83320.56
"8860",14,42470.01
"8861",7,31374.15
"8862",8,63051.19
"8863",14,48455.49
"8864",19,44251.88
"8865",9,72496.62
"8866",11,78047.5
"8867",8,15288.51
"8868",10,71695.63
"8869",13,93758.67
"8870",14,41337.13
"8871",7,66283.45
"8872",11,62196.64
"8873",18,53052.01
"8874",11,53397.5
"8875",14,67584.87
"8876",8,101309.12
"8877",6,74108.49
"8878",12,59458.15
"8879",20,100069.18
"8880",13,62792.03
"8881",11,52128.39
"8882",9,67269.85
"8883",13,37039.64
"8884",14,68425.28
"8885",11,84001.76
"8886",13,49129.16
"8887",6,60890.91
"8888",8,34143.33
"8889",18,36638.51
"8890",15,34248.57
"8891",10,31212.11
"8892",19,44963.18
"8893",7,33921.47
"8894",11,52496.61
"8895",14,45271.91
"8896",11,42449.22
"8897",18,67226.01
"8898",10,114034.23
"8899",9,20503.99
"8900",16,31831.44
"8901",11,36875.72
"8902",9,25536.86
"8903",7,81078.87
"8904",12,83427.69
"8905",6,69041.15
"8906",5,40339.67
"8907",6,69263.62
"8908",14,35424.98
"8909",14,59493.19
"8910",18,52571.85
"8911",12,103837.95
"8912",12,40065.69
"8913",16,94935.84
"8914",10,51621.84
"8915",9,24098.34
"8916",6,24221.74
"8917",6,47613.01
"8918",10,26778.25
"8919",11,47313.64
"8920",20,35117.14
"8921",3,81458.28
"8922",16,57897.46
"8923",11,102170.79
"8924",12,39323.38
"8925",10,62406.56
"8926",11,20087.4
"8927",6,76052.33
"8928",10,31502.2
"8929",9,39184.7
"8930",7,69605.61
"8931",13,36723.88
"8932",6,227578.29
"8933",15,30416.56
"8934",6,62851.75
"8935",14,23644.28
"8936",10,15622.03
"8937",15,132777.92
"8938",11,75037.67
"8939",16,36929.89
"8940",20,104480.63
"8941",11,30423.06
"8942",6,18264.55
"8943",17,29501.7
"8944",10,84283.32
"8945",20,24286.33
"8946",11,65971.22
"8947",9,37000.77
"8948",15,71867.05
"8949",16,55759.95
"8950",11,40665.43
"8951",5,15354.52
"8952",13,120873.8
"8953",15,48331.94
"8954",6,81697.95
"8955",16,20308.89
"8956",11,53475.51
"8957",11,57637.14
"8958",11,96089.36
"8959",17,11973.18
"8960",14,69487.42
"8961",9,47512.43
"8962",10,16026.07
"8963",12,36247.58
"8964",10,42890.85
"8965",11,63792.28
"8966",6,37318.46
"8967",14,80738.3
"8968",6,27168.63
"8969",17,151776.61
"8970",9,59287.68
"8971",14,60910.29
"8972",16,91578.6
"8973",6,29125.8
"8974",16,77102.89
"8975",14,30299.59
"8976",13,82004.52
"8977",7,50449.6
"8978",16,46599.75
"8979",14,43374.27
"8980",6,57904.92
"8981",15,50915.48
"8982",6,82162.3
"8983",8,102891.38
"8984",12,38603.24
"8985",7,45363.62
"8986",15,52568.49
"8987",13,53642.67
"8988",13,64269.17
"8989",10,25271.68
"8990",16,26747.81
"8991",13,106184.77
"8992",20,37714.83
"8993",13,29822.68
"8994",11,78530.4
"8995",13,55010.8
"8996",5,25872.07
"8997",12,22995.79
"8998",14,19881.57
"8999",16,74147.44
"9000",14,45148.88
"9001",15,48886.58
"9002",17,51964.67
"9003",13,20809.13
"9004",11,52213.02
"9005",13,59170.41
"9006",13,47646.19
"9007",12,74560.37
"9008",9,31586.33
"9009",10,30633.91
"9010",14,45052.16
"9011",13,54563.83
"9012",9,16898.76
"9013",11,51161.52
"9014",20,92673.93
"9015",15,27740.59
"9016",9,44436.02
"9017",13,41332.47
"9018",6,31497.67
"9019",16,59803.35
"9020",16,65527.17
"9021",15,31156.03
"9022",9,53327.01
"9023",7,23295.65
"9024",11,38512.35
"9025",12,36636.82
"9026",13,29091.91
"9027",5,67080.07
"9028",12,91585.66
"9029",14,43463.21
"9030",13,85527.58
"9031",9,74202.09
"9032",11,45335.85
"9033",12,59063.25
"9034",11,65800.37
"9035",10,31863.9
"9036",8,53416.51
"9037",15,82423.14
"9038",9,104564.83
"9039",10,22784.63
"9040",7,35281.51
"9041",10,28161.19
"9042",8,45964.08
"9043",10,25526.28
"9044",6,36761.49
"9045",14,54663.56
"9046",12,133101.85
"9047",10,70491.33
"9048",7,23594.39
"9049",10,38528.33
"9050",10,50107.81
"9051",14,49155.7
"9052",9,141854.54
"9053",10,40810.63
"9054",14,90799.53
"9055",8,66391.25
"9056",11,26450.07
"9057",10,31179.12
"9058",13,51767.7
"9059",13,146025.2
"9060",8,38522.83
"9061",9,60402.57
"9062",11,20354.16
"9063",20,49972.46
"9064",8,41785.55
"9065",12,34782.38
"9066",17,19865.42
"9067",16,45316.35
"9068",12,27908.7
"9069",11,34459.87
"9070",13,50112.63
"9071",9,45744.93
"9072",11,28615.28
"9073",13,114569.24
"9074",7,64545.27
"9075",15,24145.75
"9076",14,37814.46
"9077",14,36457.18
"9078",10,41764.4
"9079",15,42503.05
"9080",13,60036.47
"9081",20,39425.59
"9082",12,33991.63
"9083",15,66348.87
"9084",14,27877.78
"9085",12,27270.31
"9086",11,47508.18
"9087",15,44278.68
"9088",11,42132.73
"9089",16,45095.28
"9090",18,53134.25
"9091",10,130895.46
"9092",10,56793.11
"9093",11,39528.08
"9094",19,21246
"9095",10,28461.89
"9096",8,89469.4
"9097",16,38377.26
"9098",15,31664.54
"9099",14,34241.85
"9100",18,27029.86
"9101",11,60678.39
"9102",13,182715.6
"9103",14,14895.1
"9104",10,90538.3
"9105",13,42126.59
"9106",11,59834.32
"9107",13,32344.85
"9108",10,143052.85
"9109",10,60346.4
"9110",17,33606.8
"9111",8,93270.56
"9112",12,53833.87
"9113",7,45461.46
"9114",9,20529.43
"9115",7,62524.23
"9116",11,60703.68
"9117",14,79869.73
"9118",11,33145.01
"9119",14,72391.76
"9120",11,24145.97
"9121",17,55880.11
"9122",6,45404.33
"9123",14,111461.55
"9124",13,32827.54
"9125",20,355216.7
"9126",6,72062.72
"9127",12,97946.72
"9128",13,36169.26
"9129",15,39083.77
"9130",8,42338.4
"9131",10,132038.28
"9132",5,38629.33
"9133",13,15413.46
"9134",18,39448.78
"9135",16,30479.73
"9136",16,116051.99
"9137",16,84127.16
"9138",14,47953.31
"9139",11,57731.01
"9140",14,14173.94
"9141",14,38129.64
"9142",8,67347.87
"9143",16,39191.39
"9144",20,70934.17
"9145",17,42545.65
"9146",16,51340.65
"9147",9,21932.81
"9148",16,31819.14
"9149",9,73274.12
"9150",3,77576.9
"9151",12,66743.12
"9152",17,42404.03
"9153",16,72933.8
"9154",15,101774.17
"9155",8,45373.1
"9156",13,53201.77
"9157",19,36599.64
"9158",13,56388.54
"9159",10,33503.43
"9160",18,46639.49
"9161",13,56478.94
"9162",18,25238.84
"9163",11,37272.12
"9164",13,145866.54
"9165",10,28428.21
"9166",7,102484.29
"9167",10,41300.75
"9168",14,52098.71
"9169",10,22693.64
"9170",17,97603.6
"9171",10,43371.25
"9172",18,118432.82
"9173",13,128049.13
"9174",12,46896.88
"9175",7,17018.98
"9176",17,84182.65
"9177",9,92817.46
"9178",8,152644.46
"9179",17,164062.2
"9180",15,68515.15
"9181",10,70394.2
"9182",11,181748.71
"9183",14,35249.71
"9184",17,62055.21
"9185",14,36672.89
"9186",12,61376.16
"9187",20,17625.62
"9188",16,73942.84
"9189",10,71161.88
"9190",13,74175.87
"9191",13,158998.26
"9192",14,73293.92
"9193",12,63853.38
"9194",11,73197.62
"9195",18,61261.73
"9196",13,86038.5
"9197",17,56896.76
"9198",5,49838.05
"9199",11,71608.91
"9200",7,18241.67
"9201",9,36800.82
"9202",9,70017.04
"9203",18,120434.77
"9204",9,23670.77
"9205",8,92313.24
"9206",15,80263.86
"9207",10,103810.48
"9208",10,77033.51
"9209",11,27545.38
"9210",8,69000.77
"9211",14,49177.83
"9212",18,42898.96
"9213",13,33362.38
"9214",14,81773.1
"9215",12,46991.72
"9216",15,52282.47
"9217",17,26097.88
"9218",11,42375.23
"9219",10,150762.99
"9220",13,16205.99
"9221",14,135461.54
"9222",16,35900.82
"9223",5,58291.75
"9224",12,31924.24
"9225",15,49225.71
"9226",9,28121.87
"9227",13,34020.79
"9228",5,18704.88
"9229",13,123694.25
"9230",13,74507.69
"9231",9,36506.98
"9232",12,44195.27
"9233",10,71522.12
"9234",6,19432.33
"9235",12,69289.69
"9236",12,60824.78
"9237",10,86957.26
"9238",15,32097.72
"9239",10,55108.97
"9240",16,68510.04
"9241",10,90146.7
"9242",12,40008.87
"9243",9,99654.86
"9244",10,90970.65
"9245",13,56081.02
"9246",12,21165.8
"9247",9,23382.62
"9248",10,31592.62
"9249",11,60238.62
"9250",13,67073.23
"9251",14,52189.41
"9252",16,86314.22
"9253",15,71466.38
"9254",8,84688
"9255",9,75612.7
"9256",12,41632.39
"9257",11,57775.12
"9258",15,39111.96
"9259",17,29527.63
"9260",11,81707.87
"9261",13,32865.24
"9262",15,65274.91
"9263",19,58488.19
"9264",16,32431.88
"9265",14,71007.97
"9266",12,48910.24
"9267",8,51236.22
"9268",14,35526.37
"9269",15,46779.66
"9270",16,60970.61
"9271",12,65024.07
"9272",8,35668.81
"9273",16,34587.22
"9274",14,85516.98
"9275",12,42154.03
"9276",7,53928.9
"9277",7,35338.74
"9278",14,31661.75
"9279",14,62043.43
"9280",12,39606.44
"9281",14,51836.61
"9282",12,82166.54
"9283",15,62759.54
"9284",14,44003.42
"9285",14,39832.12
"9286",14,82604.73
"9287",10,109169.11
"9288",14,60942.78
"9289",15,19352.68
"9290",13,119515.25
"9291",8,28923.4
"9292",13,54592.57
"9293",12,140190.34
"9294",17,49929.26
"9295",18,72643.68
"9296",20,23220.04
"9297",14,65189.84
"9298",14,46936.46
"9299",12,15194
"9300",12,56618.45
"9301",13,24474.1
"9302",10,46328.14
"9303",9,78813.56
"9304",9,89434.73
"9305",13,48182.49
"9306",14,46747.61
"9307",19,37952.48
"9308",10,35501.02
"9309",10,32203.64
"9310",5,32120.23
"9311",8,20887.19
"9312",14,41649.58
"9313",11,49549.98
"9314",12,67319.15
"9315",17,52237.7
"9316",17,83200.5
"9317",6,21517.95
"9318",8,60822.84
"9319",6,41830.92
"9320",13,36670.1
"9321",11,51959.26
"9322",13,42665.43
"9323",10,50282.64
"9324",10,55155.26
"9325",11,40376.67
"9326",11,31069.14
"9327",7,65352.18
"9328",16,67331.55
"9329",14,58596.77
"9330",12,64665.86
"9331",12,56661.12
"9332",10,29330.17
"9333",14,62828.02
"9334",8,111639.91
"9335",16,53531.98
"9336",15,30754.18
"9337",11,29163.88
"9338",15,32983.73
"9339",15,74167.44
"9340",13,40231.47
"9341",7,39208.82
"9342",18,76786.36
"9343",17,44179.38
"9344",10,70435.87
"9345",11,32949.93
"9346",14,39178.37
"9347",9,126646.54
"9348",12,26187.98
"9349",14,78713.62
"9350",13,46494.95
"9351",10,63262.47
"9352",10,118417.98
"9353",12,56104.4
"9354",11,43663.08
"9355",10,33187.47
"9356",13,39439.67
"9357",9,53914.65
"9358",19,47554.36
"9359",18,25346.48
"9360",9,65605.49
"9361",20,50209.77
"9362",10,49691.68
"9363",5,95574.97
"9364",11,38723.18
"9365",17,73090.31
"9366",15,71814.39
"9367",18,79205.34
"9368",13,77693.03
"9369",10,38832.59
"9370",12,55740.35
"9371",4,55891.42
"9372",9,83496.38
"9373",10,44658.25
"9374",10,33008.5
"9375",17,80370.9
"9376",14,67253.07
"9377",13,55487.99
"9378",8,35184.79
"9379",16,65856.59
"9380",11,35184.64
"9381",13,93663.8
"9382",8,99511.69
"9383",18,79471.81
"9384",17,59727.91
"9385",8,51630.86
"9386",16,36565.49
"9387",5,36176.09
"9388",13,47827.25
"9389",12,121736.02
"9390",12,98319.21
"9391",18,107092.54
"9392",11,53843.55
"9393",15,46377.21
"9394",10,46082.37
"9395",12,39498
"9396",18,94613.52
"9397",12,40714.66
"9398",9,52502.54
"9399",9,61285.92
"9400",11,61176.33
"9401",14,57903.98
"9402",9,35210.89
"9403",12,50879.73
"9404",15,30310.57
"9405",8,42226.56
"9406",16,122447.6
"9407",7,44578.43
"9408",15,32205.56
"9409",13,46125.69
"9410",8,29382.28
"9411",14,80786
"9412",18,57965.53
"9413",14,29170.67
"9414",15,56049.92
"9415",20,44588.23
"9416",13,64469.84
"9417",10,56584.51
"9418",12,19106.56
"9419",10,19786.69
"9420",20,55040.6
"9421",13,63534.29
"9422",15,19222.53
"9423",9,31897.11
"9424",7,39730.92
"9425",14,87923.57
"9426",11,131083.38
"9427",13,15455.2
"9428",9,43394.07
"9429",14,107342.33
"9430",16,58250.54
"9431",13,51160.38
"9432",16,91339.72
"9433",17,53068.52
"9434",13,61011.8
"9435",12,24995.69
"9436",19,58358.71
"9437",13,103259.66
"9438",13,106110.34
"9439",16,42098.29
"9440",16,35977.78
"9441",11,57728.59
"9442",14,61451.48
"9443",14,53351.58
"9444",14,61687.73
"9445",11,56401.01
"9446",9,50888.67
"9447",12,69993.73
"9448",11,68070.28
"9449",12,67136.18
"9450",12,49296.04
"9451",7,64385.95
"9452",15,41748.13
"9453",19,48536.89
"9454",16,54121.8
"9455",10,62781.31
"9456",11,68585.6
"9457",11,76665.93
"9458",10,41036.67
"9459",15,33222.42
"9460",11,49213.06
"9461",14,60332.06
"9462",18,31638.66
"9463",15,93891.65
"9464",9,30033.05
"9465",20,67427.86
"9466",17,22707.44
"9467",13,28909.43
"9468",9,118475.4
"9469",15,42453.2
"9470",19,40169.96
"9471",7,31707.13
"9472",14,54034.7
"9473",16,40257.58
"9474",19,66787.85
"9475",13,33297.86
"9476",15,36573.61
"9477",13,21585.39
"9478",11,20537.91
"9479",8,32971.69
"9480",13,70477.94
"9481",12,78152.65
"9482",13,51772.85
"9483",9,45943.44
"9484",7,110828.73
"9485",13,39901.12
"9486",12,79875.33
"9487",9,52584.38
"9488",10,62904.57
"9489",13,59267.22
"9490",19,115494.16
"9491",11,66166.47
"9492",9,66644.31
"9493",12,65885.07
"9494",11,45814.57
"9495",10,32028.07
"9496",16,36550.61
"9497",10,36465.73
"9498",8,42710.48
"9499",20,62620.12
"9500",12,57599.48
"9501",9,65109.61
"9502",8,58651.3
"9503",9,21278.89
"9504",17,43810.77
"9505",10,47203.47
"9506",11,69959.99
"9507",11,65057.77
"9508",13,32625.36
"9509",14,27650.59
"9510",15,42652.61
"9511",18,95888.23
"9512",13,52367.67
"9513",10,41743.1
"9514",9,162033.14
"9515",9,31208.12
"9516",13,56345.91
"9517",20,48374.82
"9518",8,32832.44
"9519",9,38135.12
"9520",14,90723.01
"9521",14,62056.05
"9522",16,89197.45
"9523",12,51386.03
"9524",15,121950.57
"9525",10,42147.28
"9526",8,56145.34
"9527",14,69578.14
"9528",16,33553.13
"9529",14,33567.03
"9530",7,118071.51
"9531",16,89795.95
"9532",12,125845.98
"9533",10,76453.15
"9534",12,51125.31
"9535",6,53901.81
"9536",17,42091.23
"9537",9,41452.07
"9538",13,64602.46
"9539",14,35684.79
"9540",8,52537.32
"9541",11,157294.31
"9542",10,27365.89
"9543",14,63785.95
"9544",13,47759.23
"9545",9,89219.3
"9546",13,37469.34
"9547",7,29314.38
"9548",8,34379.56
"9549",8,71334.83
"9550",13,117168.9
"9551",7,39418.44
"9552",7,39983.05
"9553",11,46739.8
"9554",15,45457.59
"9555",8,25899.74
"9556",8,59535.57
"9557",7,43877.77
"9558",16,24354.26
"9559",11,84631.27
"9560",8,52199.44
"9561",13,43052.26
"9562",11,105669.69
"9563",7,60134.04
"9564",10,26312.08
"9565",12,75259.4
"9566",15,63823.47
"9567",11,83039.24
"9568",7,17237.82
"9569",9,33137.23
"9570",14,31265.87
"9571",13,53715.41
"9572",7,56514.65
"9573",13,33263.88
"9574",11,45020.56
"9575",14,60444.44
"9576",8,50827.4
"9577",16,65233.35
"9578",11,74504.86
"9579",13,48932.93
"9580",15,47280.74
"9581",13,41440.11
"9582",5,38394.61
"9583",14,73099.67
"9584",8,49335.06
"9585",9,45073.43
"9586",10,41180.29
"9587",11,133776.04
"9588",9,21566.38
"9589",18,43365.49
"9590",6,33834.35
"9591",7,68414.27
"9592",11,47612.37
"9593",13,29401.87
"9594",14,64829.12
"9595",10,35927.13
"9596",6,50517.47
"9597",10,107755.98
"9598",14,33931.46
"9599",20,32043.93
"9600",20,44902.58
"9601",8,100850.15
"9602",6,54322.28
"9603",12,20615.11
"9604",15,28260.53
"9605",8,124495.04
"9606",12,27998.85
"9607",14,21675.61
"9608",11,26017
"9609",17,37570.83
"9610",10,48165.54
"9611",9,45562.85
"9612",11,48956.51
"9613",10,70433.81
"9614",19,40627.36
"9615",15,56129.5
"9616",8,78390.13
"9617",10,35318.76
"9618",15,42870.77
"9619",7,82378.46
"9620",14,20186.7
"9621",16,56286.44
"9622",12,74278.49
"9623",11,81657.07
"9624",12,49291.07
"9625",14,39377.17
"9626",15,53514.37
"9627",11,45835.77
"9628",12,43255.22
"9629",14,123824.81
"9630",6,42803.76
"9631",7,24743.12
"9632",7,21444.75
"9633",13,28039.67
"9634",15,21372.88
"9635",13,41264.41
"9636",12,43031.74
"9637",4,94408.57
"9638",10,47778.4
"9639",11,54848.45
"9640",14,58237.99
"9641",9,89190.04
"9642",13,65848.72
"9643",17,90118.03
"9644",15,32814.36
"9645",9,185940.37
"9646",14,62437.35
"9647",8,63641.42
"9648",11,48845.4
"9649",16,48684.64
"9650",10,32521.77
"9651",10,89797.19
"9652",9,27184.32
"9653",17,22777.73
"9654",18,84378.61
"9655",13,112133.88
"9656",10,65246.79
"9657",9,117623.83
"9658",12,52846.58
"9659",13,50833.24
"9660",6,35958.12
"9661",12,36215.02
"9662",17,31039.12
"9663",16,190140.08
"9664",16,70686.7
"9665",10,41998.21
"9666",15,46963.16
"9667",15,70516.44
"9668",16,66558.31
"9669",14,74925.52
"9670",7,19949.37
"9671",11,26618.79
"9672",10,81158.16
"9673",12,27907.73
"9674",15,22024.09
"9675",17,88579.71
"9676",11,72965.45
"9677",13,44948.87
"9678",6,42362.46
"9679",11,20815.25
"9680",11,56363.4
"9681",16,54787.77
"9682",14,46355.77
"9683",8,53332.95
"9684",16,48884.71
"9685",5,108444.31
"9686",13,32955.64
"9687",13,35552.18
"9688",14,34800.34
"9689",10,41730.66
"9690",16,40973.81
"9691",8,111101.32
"9692",9,22976.32
"9693",12,39747.56
"9694",11,14211.86
"9695",10,85042.36
"9696",11,52800.9
"9697",15,37203.15
"9698",9,59818.15
"9699",14,36010.96
"9700",10,52871.04
"9701",15,29518.06
"9702",19,93732.81
"9703",14,42227.47
"9704",13,45999.95
"9705",9,65820.57
"9706",18,26605.01
"9707",17,28914.69
"9708",12,134359.91
"9709",14,76716.35
"9710",12,28858.86
"9711",11,42956.19
"9712",17,71815.73
"9713",14,38193.24
"9714",12,53352.17
"9715",10,47109.79
"9716",8,67427.49
"9717",13,129798.93
"9718",20,49084.41
"9719",10,146780.54
"9720",11,15176.24
"9721",7,51132.85
"9722",6,35844.44
"9723",9,12161.62
"9724",9,51564.7
"9725",11,64114.46
"9726",10,58407.03
"9727",11,78503.04
"9728",12,55921.74
"9729",10,38875.21
"9730",12,63363.75
"9731",11,27448.19
"9732",11,35251.33
"9733",18,29593.45
"9734",17,48352.57
"9735",11,66346.25
"9736",13,13940.94
"9737",9,36721.04
"9738",15,36780.62
"9739",10,14277.64
"9740",12,71594.45
"9741",13,62991.86
"9742",14,67882.1
"9743",10,61143.95
"9744",7,54113.32
"9745",8,40431.82
"9746",10,121876.77
"9747",15,30958.5
"9748",10,39099.99
"9749",12,92283.93
"9750",9,83437.46
"9751",10,59120.73
"9752",6,62391.85
"9753",14,25875.79
"9754",11,65906.92
"9755",8,55111.12
"9756",6,41872.45
"9757",18,41041.48
"9758",12,74566.78
"9759",10,31726.68
"9760",8,56357.14
"9761",12,25960.98
"9762",10,15815.35
"9763",17,60639.87
"9764",16,66619.09
"9765",16,46409.03
"9766",11,74364.84
"9767",9,59331.16
"9768",11,52505.66
"9769",13,40486.84
"9770",20,36081.66
"9771",8,78100.69
"9772",12,23597.62
"9773",8,37875.82
"9774",11,21416.53
"9775",12,47823.97
"9776",12,71269.06
"9777",12,59926.19
"9778",14,33748.33
"9779",10,59323.45
"9780",12,71339.41
"9781",15,43592.75
"9782",14,75365.96
"9783",12,42162.7
"9784",12,33317.91
"9785",20,58769.04
"9786",11,26399.6
"9787",11,35891.75
"9788",12,26174.99
"9789",15,9699.08
"9790",11,53666.54
"9791",12,25224.41
"9792",9,34748.93
"9793",14,48328.74
"9794",18,64649.17
"9795",16,74707.76
"9796",13,53619.88
"9797",11,43252.26
"9798",14,41094.32
"9799",10,47402.04
"9800",11,36727.35
"9801",9,55935.51
"9802",20,44626.75
"9803",16,94254.37
"9804",17,31325.07
"9805",9,21204.08
"9806",16,147963.71
"9807",11,26747.38
"9808",20,53763.8
"9809",12,37629.3
"9810",9,108034.13
"9811",14,91379.7
"9812",13,32148.02
"9813",11,26307.06
"9814",12,25823.19
"9815",11,85494.11
"9816",11,20805.05
"9817",13,88902.07
"9818",11,42396.46
"9819",15,35593.58
"9820",16,53458.88
"9821",13,20663.14
"9822",11,32369.81
"9823",10,51774.41
"9824",12,41181.89
"9825",13,58968.41
"9826",12,84703.66
"9827",12,87595.37
"9828",9,43371.42
"9829",12,72805.14
"9830",8,53649.19
"9831",5,66196.03
"9832",10,58802.08
"9833",15,36890.34
"9834",10,83980.04
"9835",14,27500.75
"9836",19,36372.82
"9837",15,56025.07
"9838",14,91677.98
"9839",14,50599.37
"9840",7,42951.22
"9841",13,24037.59
"9842",7,63762.15
"9843",15,60246.28
"9844",13,35332.29
"9845",7,19787.72
"9846",13,35406.87
"9847",10,16366.35
"9848",16,91648.33
"9849",18,21250.08
"9850",10,39711.57
"9851",10,100188.99
"9852",10,84453.91
"9853",13,42693.58
"9854",20,40964.85
"9855",9,66291.6
"9856",15,125469.32
"9857",15,73951.82
"9858",12,47080.59
"9859",11,27666.32
"9860",11,77441.17
"9861",6,95599.45
"9862",12,47968.3
"9863",16,29359.34
"9864",8,25700.31
"9865",17,18810.68
"9866",11,33344.77
"9867",16,35483.51
"9868",8,39636.59
"9869",9,32296.97
"9870",13,31746.48
"9871",14,31265.51
"9872",20,88215.67
"9873",11,58766.14
"9874",14,25874.94
"9875",9,81648.44
"9876",7,54000.32
"9877",15,61022.67
"9878",6,54821.39
"9879",10,71827.38
"9880",17,42664.61
"9881",9,44707.29
"9882",10,78602.31
"9883",11,107156.9
"9884",11,49782.48
"9885",9,46009.63
"9886",10,68780.85
"9887",9,95833.95
"9888",15,93460.55
"9889",11,48637.03
"9890",13,23743
"9891",11,218094.9
"9892",11,68149.25
"9893",13,56230.29
"9894",13,75147.25
"9895",13,70699.61
"9896",11,115398.69
"9897",18,30258.09
"9898",14,40795.77
"9899",12,29555.18
"9900",16,14993.5
"9901",14,43300.12
"9902",9,39926
"9903",18,104280.34
"9904",10,97272.21
"9905",11,49799.42
"9906",13,44942.3
"9907",12,119556.99
"9908",7,74843.3
"9909",9,103034.79
"9910",7,51529.21
"9911",16,44826.46
"9912",10,45544.94
"9913",13,73409.26
"9914",8,122845.24
"9915",15,54878.61
"9916",19,27703.7
"9917",11,108645.33
"9918",10,44384.99
"9919",15,36653.01
"9920",15,22967.36
"9921",5,65412.33
"9922",18,26711.53
"9923",10,60750.35
"9924",11,38952.43
"9925",10,42551.27
"9926",6,36603.85
"9927",14,53653.12
"9928",9,55639.89
"9929",11,86482.36
"9930",13,93686.04
"9931",19,17542.37
"9932",13,50163.5
"9933",9,77354.75
"9934",10,33261.61
"9935",13,34941.7
"9936",20,31599.82
"9937",9,54393.01
"9938",14,29299.24
"9939",11,22516.18
"9940",17,74590.01
"9941",15,34226.49
"9942",14,17493.48
"9943",10,50367.45
"9944",12,25598.11
"9945",8,55834.73
"9946",7,95571.82
"9947",18,29669.21
"9948",8,66301.14
"9949",12,111646.06
"9950",9,103482.62
"9951",19,96468.56
"9952",10,56635.79
"9953",12,35527.61
"9954",12,39095.6
"9955",16,31060.23
"9956",10,50660.15
"9957",18,68878.53
"9958",4,47619.28
"9959",7,62618.7
"9960",15,47689.61
"9961",12,34850.11
"9962",11,85887.65
"9963",10,56983.81
"9964",13,49706.47
"9965",16,87902.86
"9966",12,48147.27
"9967",8,27497.83
"9968",16,107176.1
"9969",11,41029.83
"9970",13,18628.57
"9971",13,50886.61
"9972",12,31583.31
"9973",12,71746.86
"9974",15,48893.18
"9975",13,43508.37
"9976",10,39811.16
"9977",19,60893.48
"9978",15,37444.87
"9979",11,73980.71
"9980",13,35581.61
"9981",16,30495.06
"9982",11,38346.7
"9983",15,46653.09
"9984",14,16490.57
"9985",9,30131.35
"9986",9,72804.78
"9987",20,21606.65
"9988",17,52417.68
"9989",12,42256.07
"9990",13,103763.75
"9991",20,49815.05
"9992",18,123402.73
"9993",13,40677.28
"9994",12,83172.55
"9995",15,30654.82
"9996",16,78986.25
"9997",12,34835.01
"9998",7,52519.78
"9999",8,55556.82
"10000",10,50177.52
